PID,DN,DP,TN,RL,facet,version
"(PID, com.instagram.android)","(DN, ig_msys_database_17847227186556794)","(DP, /home/kali/Desktop/RA/Heisenberg Android/Dump/data/user/0/com.instagram.android/databases/ig_msys_database_17847227186556794)","(TN, instagram_upgrade_cql_schema_facets)","(RL, 1)","(facet, cql_schema_v0)","(version, -5532604887253201111)"
"(PID, com.instagram.android)","(DN, ig_msys_database_17847227186556794)","(DP, /home/kali/Desktop/RA/Heisenberg Android/Dump/data/user/0/com.instagram.android/databases/ig_msys_database_17847227186556794)","(TN, instagram_upgrade_cql_schema_facets)","(RL, 2)","(facet, cql_schema_v1)","(version, -1208996294041054184)"
"(PID, com.instagram.android)","(DN, ig_msys_database_17847227186556794)","(DP, /home/kali/Desktop/RA/Heisenberg Android/Dump/data/user/0/com.instagram.android/databases/ig_msys_database_17847227186556794)","(TN, instagram_upgrade_cql_schema_facets)","(RL, 3)","(facet, cql_schema_v2)","(version, 5137883949636525785)"
"(PID, com.instagram.android)","(DN, ig_msys_database_17847227186556794)","(DP, /home/kali/Desktop/RA/Heisenberg Android/Dump/data/user/0/com.instagram.android/databases/ig_msys_database_17847227186556794)","(TN, instagram_upgrade_cql_schema_facets)","(RL, 4)","(facet, cql_schema_v3)","(version, 2550553958006999245)"
"(PID, com.instagram.android)","(DN, ig_msys_database_17847227186556794)","(DP, /home/kali/Desktop/RA/Heisenberg Android/Dump/data/user/0/com.instagram.android/databases/ig_msys_database_17847227186556794)","(TN, instagram_upgrade_cql_schema_facets)","(RL, 5)","(facet, cql_schema_v4)","(version, 8842149100901181833)"
"(PID, com.instagram.android)","(DN, ig_msys_database_17847227186556794)","(DP, /home/kali/Desktop/RA/Heisenberg Android/Dump/data/user/0/com.instagram.android/databases/ig_msys_database_17847227186556794)","(TN, instagram_upgrade_cql_schema_facets)","(RL, 6)","(facet, cql_schema_v5)","(version, -1804335276624255121)"
"(PID, com.instagram.android)","(DN, ig_msys_database_17847227186556794)","(DP, /home/kali/Desktop/RA/Heisenberg Android/Dump/data/user/0/com.instagram.android/databases/ig_msys_database_17847227186556794)","(TN, instagram_upgrade_cql_schema_facets)","(RL, 7)","(facet, upgrade_message_sort_keys)","(version, 6)"
"(PID, com.instagram.android)","(DN, ig_msys_database_17847227186556794)","(DP, /home/kali/Desktop/RA/Heisenberg Android/Dump/data/user/0/com.instagram.android/databases/ig_msys_database_17847227186556794)","(TN, instagram_upgrade_cql_schema_facets)","(RL, 8)","(facet, cql_schema_v6)","(version, 8219660923314868796)"
"(PID, com.instagram.android)","(DN, ig_msys_database_17847227186556794)","(DP, /home/kali/Desktop/RA/Heisenberg Android/Dump/data/user/0/com.instagram.android/databases/ig_msys_database_17847227186556794)","(TN, instagram_upgrade_cql_schema_facets)","(RL, 9)","(facet, cql_schema_v7)","(version, -5121171203792844321)"
"(PID, com.instagram.android)","(DN, ig_msys_database_17847227186556794)","(DP, /home/kali/Desktop/RA/Heisenberg Android/Dump/data/user/0/com.instagram.android/databases/ig_msys_database_17847227186556794)","(TN, instagram_upgrade_cql_schema_facets)","(RL, 10)","(facet, cql_schema_v8)","(version, 2951406594418307869)"
"(PID, com.instagram.android)","(DN, ig_msys_database_17847227186556794)","(DP, /home/kali/Desktop/RA/Heisenberg Android/Dump/data/user/0/com.instagram.android/databases/ig_msys_database_17847227186556794)","(TN, instagram_upgrade_cql_schema_facets)","(RL, 11)","(facet, cql_schema_v9)","(version, -7874616499585161850)"
"(PID, com.instagram.android)","(DN, ig_msys_database_17847227186556794)","(DP, /home/kali/Desktop/RA/Heisenberg Android/Dump/data/user/0/com.instagram.android/databases/ig_msys_database_17847227186556794)","(TN, instagram_upgrade_cql_schema_facets)","(RL, 12)","(facet, cql_schema_v10)","(version, -4085072330146465473)"
"(PID, com.instagram.android)","(DN, ig_msys_database_17847227186556794)","(DP, /home/kali/Desktop/RA/Heisenberg Android/Dump/data/user/0/com.instagram.android/databases/ig_msys_database_17847227186556794)","(TN, instagram_upgrade_cql_schema_facets)","(RL, 13)","(facet, cql_schema_v11)","(version, 4417390297439052697)"
"(PID, com.instagram.android)","(DN, ig_msys_database_17847227186556794)","(DP, /home/kali/Desktop/RA/Heisenberg Android/Dump/data/user/0/com.instagram.android/databases/ig_msys_database_17847227186556794)","(TN, instagram_upgrade_cql_schema_facets)","(RL, 14)","(facet, cql_schema_v12)","(version, 9058130754586667088)"
"(PID, com.instagram.android)","(DN, ig_msys_database_17847227186556794)","(DP, /home/kali/Desktop/RA/Heisenberg Android/Dump/data/user/0/com.instagram.android/databases/ig_msys_database_17847227186556794)","(TN, instagram_upgrade_cql_schema_facets)","(RL, 15)","(facet, upgrade_pending_task_plugin_type)","(version, 13)"
"(PID, com.instagram.android)","(DN, ig_msys_database_17847227186556794)","(DP, /home/kali/Desktop/RA/Heisenberg Android/Dump/data/user/0/com.instagram.android/databases/ig_msys_database_17847227186556794)","(TN, instagram_upgrade_cql_schema_facets)","(RL, 16)","(facet, cql_schema_v13)","(version, 4328902520591591075)"
"(PID, com.instagram.android)","(DN, ig_msys_database_17847227186556794)","(DP, /home/kali/Desktop/RA/Heisenberg Android/Dump/data/user/0/com.instagram.android/databases/ig_msys_database_17847227186556794)","(TN, instagram_upgrade_cql_schema_facets)","(RL, 17)","(facet, cql_schema_v14)","(version, -3938260131288466175)"
"(PID, com.instagram.android)","(DN, ig_msys_database_17847227186556794)","(DP, /home/kali/Desktop/RA/Heisenberg Android/Dump/data/user/0/com.instagram.android/databases/ig_msys_database_17847227186556794)","(TN, instagram_upgrade_cql_schema_facets)","(RL, 18)","(facet, cql_schema_v15)","(version, -1020751429018872469)"
"(PID, com.instagram.android)","(DN, ig_msys_database_17847227186556794)","(DP, /home/kali/Desktop/RA/Heisenberg Android/Dump/data/user/0/com.instagram.android/databases/ig_msys_database_17847227186556794)","(TN, instagram_upgrade_cql_schema_facets)","(RL, 19)","(facet, cql_schema_v16)","(version, 2433422823460176577)"
"(PID, com.instagram.android)","(DN, ig_msys_database_17847227186556794)","(DP, /home/kali/Desktop/RA/Heisenberg Android/Dump/data/user/0/com.instagram.android/databases/ig_msys_database_17847227186556794)","(TN, instagram_upgrade_cql_schema_facets)","(RL, 20)","(facet, cql_schema_v17)","(version, -6853339801943368747)"
"(PID, com.instagram.android)","(DN, ig_msys_database_17847227186556794)","(DP, /home/kali/Desktop/RA/Heisenberg Android/Dump/data/user/0/com.instagram.android/databases/ig_msys_database_17847227186556794)","(TN, instagram_upgrade_cql_schema_facets)","(RL, 21)","(facet, cql_schema_v18)","(version, 3527976022154772205)"
"(PID, com.instagram.android)","(DN, ig_msys_database_17847227186556794)","(DP, /home/kali/Desktop/RA/Heisenberg Android/Dump/data/user/0/com.instagram.android/databases/ig_msys_database_17847227186556794)","(TN, instagram_upgrade_cql_schema_facets)","(RL, 22)","(facet, cql_schema_v19)","(version, -5469199705470066874)"
"(PID, com.instagram.android)","(DN, ig_msys_database_17847227186556794)","(DP, /home/kali/Desktop/RA/Heisenberg Android/Dump/data/user/0/com.instagram.android/databases/ig_msys_database_17847227186556794)","(TN, instagram_upgrade_cql_schema_facets)","(RL, 23)","(facet, cql_schema_v21)","(version, 2595048770794450075)"
"(PID, com.instagram.android)","(DN, ig_msys_database_17847227186556794)","(DP, /home/kali/Desktop/RA/Heisenberg Android/Dump/data/user/0/com.instagram.android/databases/ig_msys_database_17847227186556794)","(TN, instagram_upgrade_cql_schema_facets)","(RL, 24)","(facet, cql_schema_v22)","(version, -3008814657889235255)"
"(PID, com.instagram.android)","(DN, ig_msys_database_17847227186556794)","(DP, /home/kali/Desktop/RA/Heisenberg Android/Dump/data/user/0/com.instagram.android/databases/ig_msys_database_17847227186556794)","(TN, instagram_upgrade_cql_schema_facets)","(RL, 25)","(facet, cql_schema_v23)","(version, -2871046394210718626)"
"(PID, com.instagram.android)","(DN, ig_msys_database_17847227186556794)","(DP, /home/kali/Desktop/RA/Heisenberg Android/Dump/data/user/0/com.instagram.android/databases/ig_msys_database_17847227186556794)","(TN, instagram_upgrade_cql_schema_facets)","(RL, 26)","(facet, cql_schema_v24)","(version, -6540354738982778211)"
"(PID, com.instagram.android)","(DN, ig_msys_database_17847227186556794)","(DP, /home/kali/Desktop/RA/Heisenberg Android/Dump/data/user/0/com.instagram.android/databases/ig_msys_database_17847227186556794)","(TN, instagram_upgrade_cql_schema_facets)","(RL, 27)","(facet, cql_schema_v25)","(version, -5596117938053157965)"
"(PID, com.instagram.android)","(DN, ig_msys_database_17847227186556794)","(DP, /home/kali/Desktop/RA/Heisenberg Android/Dump/data/user/0/com.instagram.android/databases/ig_msys_database_17847227186556794)","(TN, instagram_upgrade_cql_schema_facets)","(RL, 28)","(facet, cql_schema_v26)","(version, -8397596898432653830)"
"(PID, com.instagram.android)","(DN, ig_msys_database_17847227186556794)","(DP, /home/kali/Desktop/RA/Heisenberg Android/Dump/data/user/0/com.instagram.android/databases/ig_msys_database_17847227186556794)","(TN, instagram_upgrade_cql_schema_facets)","(RL, 29)","(facet, cql_schema_v27)","(version, 3784848020895158043)"
"(PID, com.instagram.android)","(DN, ig_msys_database_17847227186556794)","(DP, /home/kali/Desktop/RA/Heisenberg Android/Dump/data/user/0/com.instagram.android/databases/ig_msys_database_17847227186556794)","(TN, instagram_upgrade_cql_schema_facets)","(RL, 30)","(facet, cql_schema_v28)","(version, -5083879828409765727)"
"(PID, com.instagram.android)","(DN, ig_msys_database_17847227186556794)","(DP, /home/kali/Desktop/RA/Heisenberg Android/Dump/data/user/0/com.instagram.android/databases/ig_msys_database_17847227186556794)","(TN, instagram_upgrade_cql_schema_facets)","(RL, 31)","(facet, cql_schema_v29)","(version, -7394949345505042434)"
"(PID, com.instagram.android)","(DN, ig_msys_database_17847227186556794)","(DP, /home/kali/Desktop/RA/Heisenberg Android/Dump/data/user/0/com.instagram.android/databases/ig_msys_database_17847227186556794)","(TN, instagram_upgrade_cql_schema_facets)","(RL, 32)","(facet, cql_schema_v30)","(version, 5254031986340724008)"
"(PID, com.instagram.android)","(DN, ig_msys_database_17847227186556794)","(DP, /home/kali/Desktop/RA/Heisenberg Android/Dump/data/user/0/com.instagram.android/databases/ig_msys_database_17847227186556794)","(TN, instagram_upgrade_cql_schema_facets)","(RL, 33)","(facet, cql_schema_v31)","(version, -3898759325403965219)"
"(PID, com.instagram.android)","(DN, ig_msys_database_17847227186556794)","(DP, /home/kali/Desktop/RA/Heisenberg Android/Dump/data/user/0/com.instagram.android/databases/ig_msys_database_17847227186556794)","(TN, instagram_upgrade_cql_schema_facets)","(RL, 34)","(facet, cql_schema_v32)","(version, 4210417642021858832)"
"(PID, com.instagram.android)","(DN, ig_msys_database_17847227186556794)","(DP, /home/kali/Desktop/RA/Heisenberg Android/Dump/data/user/0/com.instagram.android/databases/ig_msys_database_17847227186556794)","(TN, instagram_upgrade_cql_schema_facets)","(RL, 35)","(facet, cql_schema_v33)","(version, 394940136220880684)"
"(PID, com.instagram.android)","(DN, ig_msys_database_17847227186556794)","(DP, /home/kali/Desktop/RA/Heisenberg Android/Dump/data/user/0/com.instagram.android/databases/ig_msys_database_17847227186556794)","(TN, instagram_upgrade_cql_schema_facets)","(RL, 36)","(facet, cql_schema_v34)","(version, 5285180256051166944)"
"(PID, com.instagram.android)","(DN, ig_msys_database_17847227186556794)","(DP, /home/kali/Desktop/RA/Heisenberg Android/Dump/data/user/0/com.instagram.android/databases/ig_msys_database_17847227186556794)","(TN, instagram_upgrade_cql_schema_facets)","(RL, 37)","(facet, cql_schema_v35)","(version, -1171087138905306703)"
"(PID, com.instagram.android)","(DN, ig_msys_database_17847227186556794)","(DP, /home/kali/Desktop/RA/Heisenberg Android/Dump/data/user/0/com.instagram.android/databases/ig_msys_database_17847227186556794)","(TN, instagram_upgrade_cql_schema_facets)","(RL, 38)","(facet, cql_schema_v36)","(version, 1728297116858143991)"
"(PID, com.instagram.android)","(DN, ig_msys_database_17847227186556794)","(DP, /home/kali/Desktop/RA/Heisenberg Android/Dump/data/user/0/com.instagram.android/databases/ig_msys_database_17847227186556794)","(TN, instagram_upgrade_cql_schema_facets)","(RL, 39)","(facet, cql_schema_v38)","(version, 6124005209096617594)"
"(PID, com.instagram.android)","(DN, ig_msys_database_17847227186556794)","(DP, /home/kali/Desktop/RA/Heisenberg Android/Dump/data/user/0/com.instagram.android/databases/ig_msys_database_17847227186556794)","(TN, instagram_upgrade_cql_schema_facets)","(RL, 40)","(facet, cql_schema_v39)","(version, -2599580134752848688)"
"(PID, com.instagram.android)","(DN, ig_msys_database_17847227186556794)","(DP, /home/kali/Desktop/RA/Heisenberg Android/Dump/data/user/0/com.instagram.android/databases/ig_msys_database_17847227186556794)","(TN, instagram_upgrade_cql_schema_facets)","(RL, 41)","(facet, cql_schema_v40)","(version, 4746011647489271195)"
"(PID, com.instagram.android)","(DN, ig_msys_database_17847227186556794)","(DP, /home/kali/Desktop/RA/Heisenberg Android/Dump/data/user/0/com.instagram.android/databases/ig_msys_database_17847227186556794)","(TN, instagram_upgrade_cql_schema_facets)","(RL, 42)","(facet, cql_schema_v42)","(version, -697821610491662859)"
"(PID, com.instagram.android)","(DN, ig_msys_database_17847227186556794)","(DP, /home/kali/Desktop/RA/Heisenberg Android/Dump/data/user/0/com.instagram.android/databases/ig_msys_database_17847227186556794)","(TN, instagram_upgrade_cql_schema_facets)","(RL, 43)","(facet, cql_schema_v43)","(version, 7787299755524875662)"
"(PID, com.instagram.android)","(DN, ig_msys_database_17847227186556794)","(DP, /home/kali/Desktop/RA/Heisenberg Android/Dump/data/user/0/com.instagram.android/databases/ig_msys_database_17847227186556794)","(TN, instagram_upgrade_cql_schema_facets)","(RL, 44)","(facet, cql_schema_v44)","(version, 2204814173355046255)"
"(PID, com.instagram.android)","(DN, ig_msys_database_17847227186556794)","(DP, /home/kali/Desktop/RA/Heisenberg Android/Dump/data/user/0/com.instagram.android/databases/ig_msys_database_17847227186556794)","(TN, instagram_upgrade_cql_schema_facets)","(RL, 45)","(facet, cql_schema_v45)","(version, -4661885386096911136)"
"(PID, com.instagram.android)","(DN, ig_msys_database_17847227186556794)","(DP, /home/kali/Desktop/RA/Heisenberg Android/Dump/data/user/0/com.instagram.android/databases/ig_msys_database_17847227186556794)","(TN, instagram_upgrade_cql_schema_facets)","(RL, 46)","(facet, cql_schema_v46)","(version, 8382016551817000378)"
"(PID, com.instagram.android)","(DN, ig_msys_database_17847227186556794)","(DP, /home/kali/Desktop/RA/Heisenberg Android/Dump/data/user/0/com.instagram.android/databases/ig_msys_database_17847227186556794)","(TN, instagram_upgrade_cql_schema_facets)","(RL, 47)","(facet, cql_schema_v47)","(version, -757388765448690292)"
"(PID, com.instagram.android)","(DN, ig_msys_database_17847227186556794)","(DP, /home/kali/Desktop/RA/Heisenberg Android/Dump/data/user/0/com.instagram.android/databases/ig_msys_database_17847227186556794)","(TN, instagram_upgrade_cql_schema_facets)","(RL, 48)","(facet, cql_schema_v48)","(version, -5745198872534797393)"
"(PID, com.instagram.android)","(DN, ig_msys_database_17847227186556794)","(DP, /home/kali/Desktop/RA/Heisenberg Android/Dump/data/user/0/com.instagram.android/databases/ig_msys_database_17847227186556794)","(TN, instagram_upgrade_cql_schema_facets)","(RL, 49)","(facet, cql_schema_v49)","(version, -2113012146355518182)"
"(PID, com.instagram.android)","(DN, ig_msys_database_17847227186556794)","(DP, /home/kali/Desktop/RA/Heisenberg Android/Dump/data/user/0/com.instagram.android/databases/ig_msys_database_17847227186556794)","(TN, instagram_upgrade_cql_schema_facets)","(RL, 50)","(facet, cql_schema_v50)","(version, -8290830247133923691)"
"(PID, com.instagram.android)","(DN, ig_msys_database_17847227186556794)","(DP, /home/kali/Desktop/RA/Heisenberg Android/Dump/data/user/0/com.instagram.android/databases/ig_msys_database_17847227186556794)","(TN, instagram_upgrade_cql_schema_facets)","(RL, 51)","(facet, cql_schema_v51)","(version, 4286372097398525739)"
"(PID, com.instagram.android)","(DN, ig_msys_database_17847227186556794)","(DP, /home/kali/Desktop/RA/Heisenberg Android/Dump/data/user/0/com.instagram.android/databases/ig_msys_database_17847227186556794)","(TN, instagram_upgrade_cql_schema_facets)","(RL, 52)","(facet, cql_schema_v58)","(version, 7947544948597883123)"
"(PID, com.instagram.android)","(DN, ig_msys_database_17847227186556794)","(DP, /home/kali/Desktop/RA/Heisenberg Android/Dump/data/user/0/com.instagram.android/databases/ig_msys_database_17847227186556794)","(TN, instagram_upgrade_cql_schema_facets)","(RL, 53)","(facet, drop_client_contacts)","(version, 59)"
"(PID, com.instagram.android)","(DN, ig_msys_database_17847227186556794)","(DP, /home/kali/Desktop/RA/Heisenberg Android/Dump/data/user/0/com.instagram.android/databases/ig_msys_database_17847227186556794)","(TN, instagram_upgrade_cql_schema_facets)","(RL, 54)","(facet, cql_schema_v59)","(version, -8585666869655389996)"
"(PID, com.instagram.android)","(DN, ig_msys_database_17847227186556794)","(DP, /home/kali/Desktop/RA/Heisenberg Android/Dump/data/user/0/com.instagram.android/databases/ig_msys_database_17847227186556794)","(TN, instagram_upgrade_cql_schema_facets)","(RL, 55)","(facet, cql_schema_v60)","(version, 2527358757503511849)"
"(PID, com.instagram.android)","(DN, ig_msys_database_17847227186556794)","(DP, /home/kali/Desktop/RA/Heisenberg Android/Dump/data/user/0/com.instagram.android/databases/ig_msys_database_17847227186556794)","(TN, instagram_upgrade_cql_schema_facets)","(RL, 56)","(facet, cql_schema_v61)","(version, -2122508016673000340)"
"(PID, com.instagram.android)","(DN, ig_msys_database_17847227186556794)","(DP, /home/kali/Desktop/RA/Heisenberg Android/Dump/data/user/0/com.instagram.android/databases/ig_msys_database_17847227186556794)","(TN, instagram_upgrade_cql_schema_facets)","(RL, 57)","(facet, cql_schema_v62)","(version, 3925335133351118335)"
"(PID, com.instagram.android)","(DN, ig_msys_database_17847227186556794)","(DP, /home/kali/Desktop/RA/Heisenberg Android/Dump/data/user/0/com.instagram.android/databases/ig_msys_database_17847227186556794)","(TN, instagram_upgrade_cql_schema_facets)","(RL, 58)","(facet, cql_schema_v63)","(version, 5395882003135513443)"
"(PID, com.instagram.android)","(DN, ig_msys_database_17847227186556794)","(DP, /home/kali/Desktop/RA/Heisenberg Android/Dump/data/user/0/com.instagram.android/databases/ig_msys_database_17847227186556794)","(TN, instagram_upgrade_cql_schema_facets)","(RL, 59)","(facet, cql_schema_v64)","(version, 3053890349455712137)"
"(PID, com.instagram.android)","(DN, ig_msys_database_17847227186556794)","(DP, /home/kali/Desktop/RA/Heisenberg Android/Dump/data/user/0/com.instagram.android/databases/ig_msys_database_17847227186556794)","(TN, instagram_upgrade_cql_schema_facets)","(RL, 60)","(facet, 1_time_drop_fw_ranking_requests)","(version, 65)"
"(PID, com.instagram.android)","(DN, ig_msys_database_17847227186556794)","(DP, /home/kali/Desktop/RA/Heisenberg Android/Dump/data/user/0/com.instagram.android/databases/ig_msys_database_17847227186556794)","(TN, instagram_upgrade_cql_schema_facets)","(RL, 61)","(facet, 1_time_drop_fw_ranking_scores)","(version, 65)"
"(PID, com.instagram.android)","(DN, ig_msys_database_17847227186556794)","(DP, /home/kali/Desktop/RA/Heisenberg Android/Dump/data/user/0/com.instagram.android/databases/ig_msys_database_17847227186556794)","(TN, instagram_upgrade_cql_schema_facets)","(RL, 62)","(facet, cql_schema_v65)","(version, 6405408925222670714)"
"(PID, com.instagram.android)","(DN, ig_msys_database_17847227186556794)","(DP, /home/kali/Desktop/RA/Heisenberg Android/Dump/data/user/0/com.instagram.android/databases/ig_msys_database_17847227186556794)","(TN, instagram_upgrade_cql_schema_facets)","(RL, 63)","(facet, cql_schema_v66)","(version, 5008336024127453390)"
"(PID, com.instagram.android)","(DN, ig_msys_database_17847227186556794)","(DP, /home/kali/Desktop/RA/Heisenberg Android/Dump/data/user/0/com.instagram.android/databases/ig_msys_database_17847227186556794)","(TN, instagram_upgrade_cql_schema_facets)","(RL, 64)","(facet, cql_schema_v67)","(version, -8749334744104705275)"
"(PID, com.instagram.android)","(DN, ig_msys_database_17847227186556794)","(DP, /home/kali/Desktop/RA/Heisenberg Android/Dump/data/user/0/com.instagram.android/databases/ig_msys_database_17847227186556794)","(TN, instagram_upgrade_cql_schema_facets)","(RL, 65)","(facet, cql_schema_v68)","(version, -1628334684225465971)"
"(PID, com.instagram.android)","(DN, ig_msys_database_17847227186556794)","(DP, /home/kali/Desktop/RA/Heisenberg Android/Dump/data/user/0/com.instagram.android/databases/ig_msys_database_17847227186556794)","(TN, instagram_upgrade_cql_schema_facets)","(RL, 66)","(facet, cql_schema_v69)","(version, 7873992572405677104)"
"(PID, com.instagram.android)","(DN, ig_msys_database_17847227186556794)","(DP, /home/kali/Desktop/RA/Heisenberg Android/Dump/data/user/0/com.instagram.android/databases/ig_msys_database_17847227186556794)","(TN, instagram_upgrade_cql_schema_facets)","(RL, 67)","(facet, echo_file_iterator_table_crc)","(version, -4540226604491715467)"
"(PID, com.instagram.android)","(DN, ig_msys_database_17847227186556794)","(DP, /home/kali/Desktop/RA/Heisenberg Android/Dump/data/user/0/com.instagram.android/databases/ig_msys_database_17847227186556794)","(TN, instagram_upgrade_cql_schema_facets)","(RL, 68)","(facet, app_alerts_group_crc)","(version, 3325592531522045186)"
"(PID, com.instagram.android)","(DN, ig_msys_database_17847227186556794)","(DP, /home/kali/Desktop/RA/Heisenberg Android/Dump/data/user/0/com.instagram.android/databases/ig_msys_database_17847227186556794)","(TN, instagram_upgrade_cql_schema_facets)","(RL, 69)","(facet, cat_group_crc)","(version, -4554327987924719024)"
"(PID, com.instagram.android)","(DN, ig_msys_database_17847227186556794)","(DP, /home/kali/Desktop/RA/Heisenberg Android/Dump/data/user/0/com.instagram.android/databases/ig_msys_database_17847227186556794)","(TN, instagram_upgrade_cql_schema_facets)","(RL, 70)","(facet, content_filter_group_crc)","(version, 690005413659169024)"
"(PID, com.instagram.android)","(DN, ig_msys_database_17847227186556794)","(DP, /home/kali/Desktop/RA/Heisenberg Android/Dump/data/user/0/com.instagram.android/databases/ig_msys_database_17847227186556794)","(TN, instagram_upgrade_cql_schema_facets)","(RL, 71)","(facet, dasm_debug_group_crc)","(version, 5521366757465970996)"
"(PID, com.instagram.android)","(DN, ig_msys_database_17847227186556794)","(DP, /home/kali/Desktop/RA/Heisenberg Android/Dump/data/user/0/com.instagram.android/databases/ig_msys_database_17847227186556794)","(TN, instagram_upgrade_cql_schema_facets)","(RL, 72)","(facet, data_trace_meta_persisted_group_crc)","(version, 8723157003557479229)"
"(PID, com.instagram.android)","(DN, ig_msys_database_17847227186556794)","(DP, /home/kali/Desktop/RA/Heisenberg Android/Dump/data/user/0/com.instagram.android/databases/ig_msys_database_17847227186556794)","(TN, instagram_upgrade_cql_schema_facets)","(RL, 73)","(facet, log_sampling_group_crc)","(version, -1616325564102239043)"
"(PID, com.instagram.android)","(DN, ig_msys_database_17847227186556794)","(DP, /home/kali/Desktop/RA/Heisenberg Android/Dump/data/user/0/com.instagram.android/databases/ig_msys_database_17847227186556794)","(TN, instagram_upgrade_cql_schema_facets)","(RL, 74)","(facet, presence_group_crc)","(version, -4691429273935970463)"
"(PID, com.instagram.android)","(DN, ig_msys_database_17847227186556794)","(DP, /home/kali/Desktop/RA/Heisenberg Android/Dump/data/user/0/com.instagram.android/databases/ig_msys_database_17847227186556794)","(TN, instagram_upgrade_cql_schema_facets)","(RL, 75)","(facet, ranking_group_crc)","(version, 3347356676432877322)"
"(PID, com.instagram.android)","(DN, ig_msys_database_17847227186556794)","(DP, /home/kali/Desktop/RA/Heisenberg Android/Dump/data/user/0/com.instagram.android/databases/ig_msys_database_17847227186556794)","(TN, instagram_upgrade_cql_schema_facets)","(RL, 76)","(facet, ranking_user_boost_history_group_crc)","(version, -5065941611527933745)"
"(PID, com.instagram.android)","(DN, ig_msys_database_17847227186556794)","(DP, /home/kali/Desktop/RA/Heisenberg Android/Dump/data/user/0/com.instagram.android/databases/ig_msys_database_17847227186556794)","(TN, instagram_upgrade_cql_schema_facets)","(RL, 77)","(facet, search_group_crc)","(version, -7595314105933814883)"
"(PID, com.instagram.android)","(DN, ig_msys_database_17847227186556794)","(DP, /home/kali/Desktop/RA/Heisenberg Android/Dump/data/user/0/com.instagram.android/databases/ig_msys_database_17847227186556794)","(TN, instagram_upgrade_cql_schema_facets)","(RL, 78)","(facet, secure_message_decrypt_journal_v2_group_crc)","(version, -5214319764300042987)"
"(PID, com.instagram.android)","(DN, ig_msys_database_17847227186556794)","(DP, /home/kali/Desktop/RA/Heisenberg Android/Dump/data/user/0/com.instagram.android/databases/ig_msys_database_17847227186556794)","(TN, instagram_upgrade_cql_schema_facets)","(RL, 79)","(facet, secure_message_edge_routing_info_v2_group_crc)","(version, -600816992540863674)"
"(PID, com.instagram.android)","(DN, ig_msys_database_17847227186556794)","(DP, /home/kali/Desktop/RA/Heisenberg Android/Dump/data/user/0/com.instagram.android/databases/ig_msys_database_17847227186556794)","(TN, instagram_upgrade_cql_schema_facets)","(RL, 80)","(facet, secure_message_encrypt_journal_individual_v2_group_crc)","(version, -3843253527902798128)"
"(PID, com.instagram.android)","(DN, ig_msys_database_17847227186556794)","(DP, /home/kali/Desktop/RA/Heisenberg Android/Dump/data/user/0/com.instagram.android/databases/ig_msys_database_17847227186556794)","(TN, instagram_upgrade_cql_schema_facets)","(RL, 81)","(facet, secure_message_sender_key_v2_group_crc)","(version, 5800045508362389165)"
"(PID, com.instagram.android)","(DN, ig_msys_database_17847227186556794)","(DP, /home/kali/Desktop/RA/Heisenberg Android/Dump/data/user/0/com.instagram.android/databases/ig_msys_database_17847227186556794)","(TN, instagram_upgrade_cql_schema_facets)","(RL, 82)","(facet, secure_message_user_devices_refresh_journal_v2_group_crc)","(version, 5948056640832969042)"
"(PID, com.instagram.android)","(DN, ig_msys_database_17847227186556794)","(DP, /home/kali/Desktop/RA/Heisenberg Android/Dump/data/user/0/com.instagram.android/databases/ig_msys_database_17847227186556794)","(TN, instagram_upgrade_cql_schema_facets)","(RL, 83)","(facet, settings_group_crc)","(version, 5808954412100427451)"
"(PID, com.instagram.android)","(DN, ig_msys_database_17847227186556794)","(DP, /home/kali/Desktop/RA/Heisenberg Android/Dump/data/user/0/com.instagram.android/databases/ig_msys_database_17847227186556794)","(TN, instagram_upgrade_cql_schema_facets)","(RL, 84)","(facet, switch_account_badge_counts_group_crc)","(version, 3672330056039670066)"
"(PID, com.instagram.android)","(DN, ig_msys_database_17847227186556794)","(DP, /home/kali/Desktop/RA/Heisenberg Android/Dump/data/user/0/com.instagram.android/databases/ig_msys_database_17847227186556794)","(TN, instagram_upgrade_cql_schema_facets)","(RL, 85)","(facet, __idx__threads__thread_key__client_thread_key_index_crc)","(version, 7264289561385622277)"
"(PID, com.instagram.android)","(DN, ig_msys_database_17847227186556794)","(DP, /home/kali/Desktop/RA/Heisenberg Android/Dump/data/user/0/com.instagram.android/databases/ig_msys_database_17847227186556794)","(TN, instagram_upgrade_cql_schema_facets)","(RL, 86)","(facet, __idx__threads__last_activity_timestamp_ms__authority_level__folder_name_index_crc)","(version, -8968095275537740877)"
"(PID, com.instagram.android)","(DN, ig_msys_database_17847227186556794)","(DP, /home/kali/Desktop/RA/Heisenberg Android/Dump/data/user/0/com.instagram.android/databases/ig_msys_database_17847227186556794)","(TN, instagram_upgrade_cql_schema_facets)","(RL, 87)","(facet, __idx__threads__parent_thread_key__last_activity_timestamp_ms__authority_level_index_crc)","(version, -798191655625315113)"
"(PID, com.instagram.android)","(DN, ig_msys_database_17847227186556794)","(DP, /home/kali/Desktop/RA/Heisenberg Android/Dump/data/user/0/com.instagram.android/databases/ig_msys_database_17847227186556794)","(TN, instagram_upgrade_cql_schema_facets)","(RL, 88)","(facet, __idx__threads__last_activity_timestamp_ms__mute_expire_time_ms__last_read_watermark_timestamp_ms__folder_name__thread_key_index_crc)","(version, 8530733652134196904)"
"(PID, com.instagram.android)","(DN, ig_msys_database_17847227186556794)","(DP, /home/kali/Desktop/RA/Heisenberg Android/Dump/data/user/0/com.instagram.android/databases/ig_msys_database_17847227186556794)","(TN, instagram_upgrade_cql_schema_facets)","(RL, 89)","(facet, __idx__participants__thread_key__contact_id_index_crc)","(version, 566112463008442741)"
"(PID, com.instagram.android)","(DN, ig_msys_database_17847227186556794)","(DP, /home/kali/Desktop/RA/Heisenberg Android/Dump/data/user/0/com.instagram.android/databases/ig_msys_database_17847227186556794)","(TN, instagram_upgrade_cql_schema_facets)","(RL, 90)","(facet, __idx__participants__read_watermark_timestamp_ms_index_crc)","(version, -2008240322185797912)"
"(PID, com.instagram.android)","(DN, ig_msys_database_17847227186556794)","(DP, /home/kali/Desktop/RA/Heisenberg Android/Dump/data/user/0/com.instagram.android/databases/ig_msys_database_17847227186556794)","(TN, instagram_upgrade_cql_schema_facets)","(RL, 91)","(facet, __idx__participants__delivered_watermark_timestamp_ms_index_crc)","(version, -3798543950757438993)"
"(PID, com.instagram.android)","(DN, ig_msys_database_17847227186556794)","(DP, /home/kali/Desktop/RA/Heisenberg Android/Dump/data/user/0/com.instagram.android/databases/ig_msys_database_17847227186556794)","(TN, instagram_upgrade_cql_schema_facets)","(RL, 92)","(facet, __idx__contacts__rank__name__contact_type__blocked_by_viewer_status__messenger_call_log_third_party_id_index_crc)","(version, 2770023688483595705)"
"(PID, com.instagram.android)","(DN, ig_msys_database_17847227186556794)","(DP, /home/kali/Desktop/RA/Heisenberg Android/Dump/data/user/0/com.instagram.android/databases/ig_msys_database_17847227186556794)","(TN, instagram_upgrade_cql_schema_facets)","(RL, 93)","(facet, __idx__messages__reply_source_id_index_crc)","(version, -8740879378875530918)"
"(PID, com.instagram.android)","(DN, ig_msys_database_17847227186556794)","(DP, /home/kali/Desktop/RA/Heisenberg Android/Dump/data/user/0/com.instagram.android/databases/ig_msys_database_17847227186556794)","(TN, instagram_upgrade_cql_schema_facets)","(RL, 94)","(facet, __idx__messages__thread_key__primary_sort_key__secondary_sort_key__timestamp_ms__message_id_index_crc)","(version, 3739445332000082494)"
"(PID, com.instagram.android)","(DN, ig_msys_database_17847227186556794)","(DP, /home/kali/Desktop/RA/Heisenberg Android/Dump/data/user/0/com.instagram.android/databases/ig_msys_database_17847227186556794)","(TN, instagram_upgrade_cql_schema_facets)","(RL, 95)","(facet, __idx__messages__message_id_index_crc)","(version, -3942427668217198786)"
"(PID, com.instagram.android)","(DN, ig_msys_database_17847227186556794)","(DP, /home/kali/Desktop/RA/Heisenberg Android/Dump/data/user/0/com.instagram.android/databases/ig_msys_database_17847227186556794)","(TN, instagram_upgrade_cql_schema_facets)","(RL, 96)","(facet, __idx__messages__timestamp_ms_index_crc)","(version, -1544047256925928758)"
"(PID, com.instagram.android)","(DN, ig_msys_database_17847227186556794)","(DP, /home/kali/Desktop/RA/Heisenberg Android/Dump/data/user/0/com.instagram.android/databases/ig_msys_database_17847227186556794)","(TN, instagram_upgrade_cql_schema_facets)","(RL, 97)","(facet, __idx__attachments__original_file_hash_index_crc)","(version, 8152676654081059823)"
"(PID, com.instagram.android)","(DN, ig_msys_database_17847227186556794)","(DP, /home/kali/Desktop/RA/Heisenberg Android/Dump/data/user/0/com.instagram.android/databases/ig_msys_database_17847227186556794)","(TN, instagram_upgrade_cql_schema_facets)","(RL, 98)","(facet, __idx__pending_tasks__plugin_type__task_value_index_crc)","(version, 4524129217476482399)"
"(PID, com.instagram.android)","(DN, ig_msys_database_17847227186556794)","(DP, /home/kali/Desktop/RA/Heisenberg Android/Dump/data/user/0/com.instagram.android/databases/ig_msys_database_17847227186556794)","(TN, instagram_upgrade_cql_schema_facets)","(RL, 99)","(facet, __idx__fb_transport_contacts_client_contact_pk_index_crc)","(version, 4550254461761269631)"
"(PID, com.instagram.android)","(DN, ig_msys_database_17847227186556794)","(DP, /home/kali/Desktop/RA/Heisenberg Android/Dump/data/user/0/com.instagram.android/databases/ig_msys_database_17847227186556794)","(TN, instagram_upgrade_cql_schema_facets)","(RL, 100)","(facet, __idx__fb_transport_contacts_server_contact_id_index_crc)","(version, -7100777645310189313)"
"(PID, com.instagram.android)","(DN, ig_msys_database_17847227186556794)","(DP, /home/kali/Desktop/RA/Heisenberg Android/Dump/data/user/0/com.instagram.android/databases/ig_msys_database_17847227186556794)","(TN, instagram_upgrade_cql_schema_facets)","(RL, 101)","(facet, __idx__secure_threads__last_activity_timestamp_ms__mute_expire_time_ms__last_read_watermark_timestamp_ms__thread_key__secure_thread_status_index_crc)","(version, 6827060858193242857)"
"(PID, com.instagram.android)","(DN, ig_msys_database_17847227186556794)","(DP, /home/kali/Desktop/RA/Heisenberg Android/Dump/data/user/0/com.instagram.android/databases/ig_msys_database_17847227186556794)","(TN, instagram_upgrade_cql_schema_facets)","(RL, 102)","(facet, __idx__secure_threads__thread_key__client_thread_key_index_crc)","(version, 2246975390576719756)"
"(PID, com.instagram.android)","(DN, ig_msys_database_17847227186556794)","(DP, /home/kali/Desktop/RA/Heisenberg Android/Dump/data/user/0/com.instagram.android/databases/ig_msys_database_17847227186556794)","(TN, instagram_upgrade_cql_schema_facets)","(RL, 103)","(facet, __idx__secure_messages__thread_key__primary_sort_key__secondary_sort_key__timestamp_ms__message_id_index_crc)","(version, 8877482600951501334)"
"(PID, com.instagram.android)","(DN, ig_msys_database_17847227186556794)","(DP, /home/kali/Desktop/RA/Heisenberg Android/Dump/data/user/0/com.instagram.android/databases/ig_msys_database_17847227186556794)","(TN, instagram_upgrade_cql_schema_facets)","(RL, 104)","(facet, __idx__secure_messages__message_id_index_crc)","(version, -546917119180546571)"
"(PID, com.instagram.android)","(DN, ig_msys_database_17847227186556794)","(DP, /home/kali/Desktop/RA/Heisenberg Android/Dump/data/user/0/com.instagram.android/databases/ig_msys_database_17847227186556794)","(TN, instagram_upgrade_cql_schema_facets)","(RL, 105)","(facet, __idx__secure_thread_participants__thread_key__contact_id_index_crc)","(version, -6491527656712329874)"
"(PID, com.instagram.android)","(DN, ig_msys_database_17847227186556794)","(DP, /home/kali/Desktop/RA/Heisenberg Android/Dump/data/user/0/com.instagram.android/databases/ig_msys_database_17847227186556794)","(TN, instagram_upgrade_cql_schema_facets)","(RL, 106)","(facet, __idx__secure_thread_participants__read_watermark_timestamp_ms_index_crc)","(version, -5605102683045262443)"
"(PID, com.instagram.android)","(DN, ig_msys_database_17847227186556794)","(DP, /home/kali/Desktop/RA/Heisenberg Android/Dump/data/user/0/com.instagram.android/databases/ig_msys_database_17847227186556794)","(TN, instagram_upgrade_cql_schema_facets)","(RL, 107)","(facet, __idx__secure_reactions__reaction_id_index_crc)","(version, -4274022662473787097)"
"(PID, com.instagram.android)","(DN, ig_msys_database_17847227186556794)","(DP, /home/kali/Desktop/RA/Heisenberg Android/Dump/data/user/0/com.instagram.android/databases/ig_msys_database_17847227186556794)","(TN, instagram_upgrade_cql_schema_facets)","(RL, 108)","(facet, cql_schema_v70)","(version, 5162103930067984234)"
"(PID, com.instagram.android)","(DN, ig_msys_database_17847227186556794)","(DP, /home/kali/Desktop/RA/Heisenberg Android/Dump/data/user/0/com.instagram.android/databases/ig_msys_database_17847227186556794)","(TN, instagram_upgrade_cql_schema_facets)","(RL, 109)","(facet, secure_message_server_time_v2_group_crc)","(version, 532013547500443330)"
"(PID, com.instagram.android)","(DN, ig_msys_database_17847227186556794)","(DP, /home/kali/Desktop/RA/Heisenberg Android/Dump/data/user/0/com.instagram.android/databases/ig_msys_database_17847227186556794)","(TN, instagram_upgrade_cql_schema_facets)","(RL, 110)","(facet, secure_message_ab_props_v2_group_crc)","(version, 9134555701233488790)"
"(PID, com.instagram.android)","(DN, ig_msys_database_17847227186556794)","(DP, /home/kali/Desktop/RA/Heisenberg Android/Dump/data/user/0/com.instagram.android/databases/ig_msys_database_17847227186556794)","(TN, instagram_upgrade_cql_schema_facets)","(RL, 111)","(facet, secure_message_peer_devices_v2_group_crc)","(version, 3325566372803143415)"
"(PID, com.instagram.android)","(DN, ig_msys_database_17847227186556794)","(DP, /home/kali/Desktop/RA/Heisenberg Android/Dump/data/user/0/com.instagram.android/databases/ig_msys_database_17847227186556794)","(TN, instagram_upgrade_cql_schema_facets)","(RL, 112)","(facet, temp_development_group_crc)","(version, 868404410479326883)"
"(PID, com.instagram.android)","(DN, ig_msys_database_17847227186556794)","(DP, /home/kali/Desktop/RA/Heisenberg Android/Dump/data/user/0/com.instagram.android/databases/ig_msys_database_17847227186556794)","(TN, instagram_upgrade_cql_schema_facets)","(RL, 113)","(facet, cql_schema_version)","(version, 70)"
"(PID, com.instagram.android)","(DN, ig_msys_database_17847227186556794)","(DP, /home/kali/Desktop/RA/Heisenberg Android/Dump/data/user/0/com.instagram.android/databases/ig_msys_database_17847227186556794)","(TN, instagram_upgrade_cql_schema_facets)","(RL, 114)","(facet, cql_schema_crc)","(version, -562234288526392998)"
