PID,DN,DP,TN,RL,account,library_id,backend,doc_id,doc_type,offer_type,document_hash,subs_valid_until_time,app_certificate_hash,app_refund_pre_delivery_endtime_ms,app_refund_post_delivery_window_ms,subs_auto_renewing,subs_initiation_time,subs_trial_until_time,inapp_purchase_data,inapp_signature,preordered,owned_via_license,shared_by_me,sharer_gaia_id,shareability,purchase_time,subscription_library_state,licensing_data
"(PID, com.android.vending)","(DN, library.db)","(DP, /home/kali/Desktop/RA/Heisenberg Android/Dump/data/user/0/com.android.vending/databases/library.db)","(TN, ownership)","(RL, 1)","(account, heisenbergcarro@gmail.com)","(library_id, 3)","(backend, 3)","(doc_id, com.google.android.apps.carrier.carrierwifi)","(doc_type, 1)","(offer_type, 1)","(document_hash, -2516269164803368038)","(subs_valid_until_time, None)","(app_certificate_hash, gpEkiE6e3fLv_2guqXIvvaGPh3s)","(app_refund_pre_delivery_endtime_ms, 0)","(app_refund_post_delivery_window_ms, 0)","(subs_auto_renewing, None)","(subs_initiation_time, None)","(subs_trial_until_time, None)","(inapp_purchase_data, None)","(inapp_signature, None)","(preordered, 0)","(owned_via_license, 0)","(shared_by_me, 0)","(sharer_gaia_id, None)","(shareability, 2)","(purchase_time, 0)","(subscription_library_state, None)","(licensing_data, None)"
"(PID, com.android.vending)","(DN, library.db)","(DP, /home/kali/Desktop/RA/Heisenberg Android/Dump/data/user/0/com.android.vending/databases/library.db)","(TN, ownership)","(RL, 2)","(account, heisenbergcarro@gmail.com)","(library_id, 3)","(backend, 3)","(doc_id, com.google.android.apps.restore)","(doc_type, 1)","(offer_type, 1)","(document_hash, 1028257417258378113)","(subs_valid_until_time, None)","(app_certificate_hash, GdqUiWzkB4w4ymlXAfHex0HsbWc)","(app_refund_pre_delivery_endtime_ms, 0)","(app_refund_post_delivery_window_ms, 0)","(subs_auto_renewing, None)","(subs_initiation_time, None)","(subs_trial_until_time, None)","(inapp_purchase_data, None)","(inapp_signature, None)","(preordered, 0)","(owned_via_license, 0)","(shared_by_me, 0)","(sharer_gaia_id, None)","(shareability, 2)","(purchase_time, 0)","(subscription_library_state, None)","(licensing_data, None)"
"(PID, com.android.vending)","(DN, library.db)","(DP, /home/kali/Desktop/RA/Heisenberg Android/Dump/data/user/0/com.android.vending/databases/library.db)","(TN, ownership)","(RL, 3)","(account, heisenbergcarro@gmail.com)","(library_id, 3)","(backend, 3)","(doc_id, com.samsung.SMT)","(doc_type, 1)","(offer_type, 1)","(document_hash, 4366332927900712680)","(subs_valid_until_time, None)","(app_certificate_hash, nKUXDzgZGd_gRG_NqxixmhQ7MWM)","(app_refund_pre_delivery_endtime_ms, 0)","(app_refund_post_delivery_window_ms, 0)","(subs_auto_renewing, None)","(subs_initiation_time, None)","(subs_trial_until_time, None)","(inapp_purchase_data, None)","(inapp_signature, None)","(preordered, 0)","(owned_via_license, 0)","(shared_by_me, 0)","(sharer_gaia_id, None)","(shareability, 2)","(purchase_time, 0)","(subscription_library_state, None)","(licensing_data, None)"
"(PID, com.android.vending)","(DN, library.db)","(DP, /home/kali/Desktop/RA/Heisenberg Android/Dump/data/user/0/com.android.vending/databases/library.db)","(TN, ownership)","(RL, 4)","(account, heisenbergcarro@gmail.com)","(library_id, 3)","(backend, 3)","(doc_id, com.samsung.android.app.notes)","(doc_type, 1)","(offer_type, 1)","(document_hash, -8190652746044620555)","(subs_valid_until_time, None)","(app_certificate_hash, nKUXDzgZGd_gRG_NqxixmhQ7MWM)","(app_refund_pre_delivery_endtime_ms, 0)","(app_refund_post_delivery_window_ms, 0)","(subs_auto_renewing, None)","(subs_initiation_time, None)","(subs_trial_until_time, None)","(inapp_purchase_data, None)","(inapp_signature, None)","(preordered, 0)","(owned_via_license, 0)","(shared_by_me, 0)","(sharer_gaia_id, None)","(shareability, 2)","(purchase_time, 0)","(subscription_library_state, None)","(licensing_data, None)"
"(PID, com.android.vending)","(DN, library.db)","(DP, /home/kali/Desktop/RA/Heisenberg Android/Dump/data/user/0/com.android.vending/databases/library.db)","(TN, ownership)","(RL, 5)","(account, heisenbergcarro@gmail.com)","(library_id, 3)","(backend, 3)","(doc_id, com.samsung.android.app.reminder)","(doc_type, 1)","(offer_type, 1)","(document_hash, 3179882603357984296)","(subs_valid_until_time, None)","(app_certificate_hash, nKUXDzgZGd_gRG_NqxixmhQ7MWM)","(app_refund_pre_delivery_endtime_ms, 0)","(app_refund_post_delivery_window_ms, 0)","(subs_auto_renewing, None)","(subs_initiation_time, None)","(subs_trial_until_time, None)","(inapp_purchase_data, None)","(inapp_signature, None)","(preordered, 0)","(owned_via_license, 0)","(shared_by_me, 0)","(sharer_gaia_id, None)","(shareability, 2)","(purchase_time, 0)","(subscription_library_state, None)","(licensing_data, None)"
"(PID, com.android.vending)","(DN, library.db)","(DP, /home/kali/Desktop/RA/Heisenberg Android/Dump/data/user/0/com.android.vending/databases/library.db)","(TN, ownership)","(RL, 6)","(account, heisenbergcarro@gmail.com)","(library_id, 3)","(backend, 3)","(doc_id, com.samsung.android.app.simplesharing)","(doc_type, 1)","(offer_type, 1)","(document_hash, -9145349787434146099)","(subs_valid_until_time, None)","(app_certificate_hash, nKUXDzgZGd_gRG_NqxixmhQ7MWM)","(app_refund_pre_delivery_endtime_ms, 0)","(app_refund_post_delivery_window_ms, 0)","(subs_auto_renewing, None)","(subs_initiation_time, None)","(subs_trial_until_time, None)","(inapp_purchase_data, None)","(inapp_signature, None)","(preordered, 0)","(owned_via_license, 0)","(shared_by_me, 0)","(sharer_gaia_id, None)","(shareability, 2)","(purchase_time, 0)","(subscription_library_state, None)","(licensing_data, None)"
"(PID, com.android.vending)","(DN, library.db)","(DP, /home/kali/Desktop/RA/Heisenberg Android/Dump/data/user/0/com.android.vending/databases/library.db)","(TN, ownership)","(RL, 7)","(account, heisenbergcarro@gmail.com)","(library_id, 3)","(backend, 3)","(doc_id, com.samsung.android.mobileservice)","(doc_type, 1)","(offer_type, 1)","(document_hash, -7021029332352807442)","(subs_valid_until_time, None)","(app_certificate_hash, nKUXDzgZGd_gRG_NqxixmhQ7MWM)","(app_refund_pre_delivery_endtime_ms, 0)","(app_refund_post_delivery_window_ms, 0)","(subs_auto_renewing, None)","(subs_initiation_time, None)","(subs_trial_until_time, None)","(inapp_purchase_data, None)","(inapp_signature, None)","(preordered, 0)","(owned_via_license, 0)","(shared_by_me, 0)","(sharer_gaia_id, None)","(shareability, 2)","(purchase_time, 0)","(subscription_library_state, None)","(licensing_data, None)"
"(PID, com.android.vending)","(DN, library.db)","(DP, /home/kali/Desktop/RA/Heisenberg Android/Dump/data/user/0/com.android.vending/databases/library.db)","(TN, ownership)","(RL, 8)","(account, heisenbergcarro@gmail.com)","(library_id, 3)","(backend, 3)","(doc_id, com.samsung.android.spdfnote)","(doc_type, 1)","(offer_type, 1)","(document_hash, 7677311765077436442)","(subs_valid_until_time, None)","(app_certificate_hash, HKRE86eOCmLbamINo7rWNXZkJr0)","(app_refund_pre_delivery_endtime_ms, 0)","(app_refund_post_delivery_window_ms, 0)","(subs_auto_renewing, None)","(subs_initiation_time, None)","(subs_trial_until_time, None)","(inapp_purchase_data, None)","(inapp_signature, None)","(preordered, 0)","(owned_via_license, 0)","(shared_by_me, 0)","(sharer_gaia_id, None)","(shareability, 2)","(purchase_time, 0)","(subscription_library_state, None)","(licensing_data, None)"
"(PID, com.android.vending)","(DN, library.db)","(DP, /home/kali/Desktop/RA/Heisenberg Android/Dump/data/user/0/com.android.vending/databases/library.db)","(TN, ownership)","(RL, 9)","(account, heisenbergcarro@gmail.com)","(library_id, 3)","(backend, 3)","(doc_id, com.samsung.android.video)","(doc_type, 1)","(offer_type, 1)","(document_hash, 1641220166203641678)","(subs_valid_until_time, None)","(app_certificate_hash, nKUXDzgZGd_gRG_NqxixmhQ7MWM)","(app_refund_pre_delivery_endtime_ms, 0)","(app_refund_post_delivery_window_ms, 0)","(subs_auto_renewing, None)","(subs_initiation_time, None)","(subs_trial_until_time, None)","(inapp_purchase_data, None)","(inapp_signature, None)","(preordered, 0)","(owned_via_license, 0)","(shared_by_me, 0)","(sharer_gaia_id, None)","(shareability, 2)","(purchase_time, 0)","(subscription_library_state, None)","(licensing_data, None)"
"(PID, com.android.vending)","(DN, library.db)","(DP, /home/kali/Desktop/RA/Heisenberg Android/Dump/data/user/0/com.android.vending/databases/library.db)","(TN, ownership)","(RL, 10)","(account, heisenbergcarro@gmail.com)","(library_id, 3)","(backend, 3)","(doc_id, com.samsung.ims.smk)","(doc_type, 1)","(offer_type, 1)","(document_hash, -265308928770719857)","(subs_valid_until_time, None)","(app_certificate_hash, nKUXDzgZGd_gRG_NqxixmhQ7MWM)","(app_refund_pre_delivery_endtime_ms, 0)","(app_refund_post_delivery_window_ms, 0)","(subs_auto_renewing, None)","(subs_initiation_time, None)","(subs_trial_until_time, None)","(inapp_purchase_data, None)","(inapp_signature, None)","(preordered, 0)","(owned_via_license, 0)","(shared_by_me, 0)","(sharer_gaia_id, None)","(shareability, 2)","(purchase_time, 0)","(subscription_library_state, None)","(licensing_data, None)"
"(PID, com.android.vending)","(DN, library.db)","(DP, /home/kali/Desktop/RA/Heisenberg Android/Dump/data/user/0/com.android.vending/databases/library.db)","(TN, ownership)","(RL, 11)","(account, heisenbergcarro@gmail.com)","(library_id, 3)","(backend, 3)","(doc_id, com.samsung.knox.securefolder)","(doc_type, 1)","(offer_type, 1)","(document_hash, -1558815159378974929)","(subs_valid_until_time, None)","(app_certificate_hash, nKUXDzgZGd_gRG_NqxixmhQ7MWM)","(app_refund_pre_delivery_endtime_ms, 0)","(app_refund_post_delivery_window_ms, 0)","(subs_auto_renewing, None)","(subs_initiation_time, None)","(subs_trial_until_time, None)","(inapp_purchase_data, None)","(inapp_signature, None)","(preordered, 0)","(owned_via_license, 0)","(shared_by_me, 0)","(sharer_gaia_id, None)","(shareability, 2)","(purchase_time, 0)","(subscription_library_state, None)","(licensing_data, None)"
"(PID, com.android.vending)","(DN, library.db)","(DP, /home/kali/Desktop/RA/Heisenberg Android/Dump/data/user/0/com.android.vending/databases/library.db)","(TN, ownership)","(RL, 12)","(account, heisenbergcarro@gmail.com)","(library_id, 3)","(backend, 3)","(doc_id, com.sec.android.app.clockpackage)","(doc_type, 1)","(offer_type, 1)","(document_hash, -1857239732644296275)","(subs_valid_until_time, None)","(app_certificate_hash, nKUXDzgZGd_gRG_NqxixmhQ7MWM)","(app_refund_pre_delivery_endtime_ms, 0)","(app_refund_post_delivery_window_ms, 0)","(subs_auto_renewing, None)","(subs_initiation_time, None)","(subs_trial_until_time, None)","(inapp_purchase_data, None)","(inapp_signature, None)","(preordered, 0)","(owned_via_license, 0)","(shared_by_me, 0)","(sharer_gaia_id, None)","(shareability, 2)","(purchase_time, 0)","(subscription_library_state, None)","(licensing_data, None)"
"(PID, com.android.vending)","(DN, library.db)","(DP, /home/kali/Desktop/RA/Heisenberg Android/Dump/data/user/0/com.android.vending/databases/library.db)","(TN, ownership)","(RL, 13)","(account, heisenbergcarro@gmail.com)","(library_id, 3)","(backend, 3)","(doc_id, com.sec.android.gallery3d)","(doc_type, 1)","(offer_type, 1)","(document_hash, -9120384635283028647)","(subs_valid_until_time, None)","(app_certificate_hash, nKUXDzgZGd_gRG_NqxixmhQ7MWM)","(app_refund_pre_delivery_endtime_ms, 0)","(app_refund_post_delivery_window_ms, 0)","(subs_auto_renewing, None)","(subs_initiation_time, None)","(subs_trial_until_time, None)","(inapp_purchase_data, None)","(inapp_signature, None)","(preordered, 0)","(owned_via_license, 0)","(shared_by_me, 0)","(sharer_gaia_id, None)","(shareability, 2)","(purchase_time, 0)","(subscription_library_state, None)","(licensing_data, None)"
"(PID, com.android.vending)","(DN, library.db)","(DP, /home/kali/Desktop/RA/Heisenberg Android/Dump/data/user/0/com.android.vending/databases/library.db)","(TN, ownership)","(RL, 14)","(account, heisenbergcarro@gmail.com)","(library_id, 3)","(backend, 3)","(doc_id, com.sec.android.inputmethod)","(doc_type, 1)","(offer_type, 1)","(document_hash, -7238464833681608585)","(subs_valid_until_time, None)","(app_certificate_hash, nKUXDzgZGd_gRG_NqxixmhQ7MWM)","(app_refund_pre_delivery_endtime_ms, 0)","(app_refund_post_delivery_window_ms, 0)","(subs_auto_renewing, None)","(subs_initiation_time, None)","(subs_trial_until_time, None)","(inapp_purchase_data, None)","(inapp_signature, None)","(preordered, 0)","(owned_via_license, 0)","(shared_by_me, 0)","(sharer_gaia_id, None)","(shareability, 2)","(purchase_time, 0)","(subscription_library_state, None)","(licensing_data, None)"
"(PID, com.android.vending)","(DN, library.db)","(DP, /home/kali/Desktop/RA/Heisenberg Android/Dump/data/user/0/com.android.vending/databases/library.db)","(TN, ownership)","(RL, 15)","(account, heisenbergcarro@gmail.com)","(library_id, 3)","(backend, 3)","(doc_id, com.sec.imsservice)","(doc_type, 1)","(offer_type, 1)","(document_hash, -883588552312808965)","(subs_valid_until_time, None)","(app_certificate_hash, nKUXDzgZGd_gRG_NqxixmhQ7MWM)","(app_refund_pre_delivery_endtime_ms, 0)","(app_refund_post_delivery_window_ms, 0)","(subs_auto_renewing, None)","(subs_initiation_time, None)","(subs_trial_until_time, None)","(inapp_purchase_data, None)","(inapp_signature, None)","(preordered, 0)","(owned_via_license, 0)","(shared_by_me, 0)","(sharer_gaia_id, None)","(shareability, 2)","(purchase_time, 0)","(subscription_library_state, None)","(licensing_data, None)"
"(PID, com.android.vending)","(DN, library.db)","(DP, /home/kali/Desktop/RA/Heisenberg Android/Dump/data/user/0/com.android.vending/databases/library.db)","(TN, ownership)","(RL, 16)","(account, heisenbergcarro@gmail.com)","(library_id, 3)","(backend, 3)","(doc_id, com.skms.android.agent)","(doc_type, 1)","(offer_type, 1)","(document_hash, 3703213520162086768)","(subs_valid_until_time, None)","(app_certificate_hash, nKUXDzgZGd_gRG_NqxixmhQ7MWM)","(app_refund_pre_delivery_endtime_ms, 0)","(app_refund_post_delivery_window_ms, 0)","(subs_auto_renewing, None)","(subs_initiation_time, None)","(subs_trial_until_time, None)","(inapp_purchase_data, None)","(inapp_signature, None)","(preordered, 0)","(owned_via_license, 0)","(shared_by_me, 0)","(sharer_gaia_id, None)","(shareability, 2)","(purchase_time, 0)","(subscription_library_state, None)","(licensing_data, None)"
"(PID, com.android.vending)","(DN, library.db)","(DP, /home/kali/Desktop/RA/Heisenberg Android/Dump/data/user/0/com.android.vending/databases/library.db)","(TN, ownership)","(RL, 17)","(account, heisenbergcarro@gmail.com)","(library_id, 3)","(backend, 3)","(doc_id, com.google.android.gms)","(doc_type, 1)","(offer_type, 1)","(document_hash, -686307179211053973)","(subs_valid_until_time, None)","(app_certificate_hash, WOHEEz90Qew9LCcCcKFIAtpHug4,OJGKRT0HGZNU-LGa8F7GViztV4g)","(app_refund_pre_delivery_endtime_ms, 0)","(app_refund_post_delivery_window_ms, 0)","(subs_auto_renewing, None)","(subs_initiation_time, None)","(subs_trial_until_time, None)","(inapp_purchase_data, None)","(inapp_signature, None)","(preordered, 0)","(owned_via_license, 0)","(shared_by_me, 0)","(sharer_gaia_id, None)","(shareability, 2)","(purchase_time, 1617477780157)","(subscription_library_state, None)","(licensing_data, None)"
"(PID, com.android.vending)","(DN, library.db)","(DP, /home/kali/Desktop/RA/Heisenberg Android/Dump/data/user/0/com.android.vending/databases/library.db)","(TN, ownership)","(RL, 18)","(account, heisenbergcarro@gmail.com)","(library_id, 3)","(backend, 3)","(doc_id, com.google.android.apps.docs)","(doc_type, 1)","(offer_type, 1)","(document_hash, -4919438935956410445)","(subs_valid_until_time, None)","(app_certificate_hash, WOHEEz90Qew9LCcCcKFIAtpHug4,OJGKRT0HGZNU-LGa8F7GViztV4g)","(app_refund_pre_delivery_endtime_ms, 0)","(app_refund_post_delivery_window_ms, 0)","(subs_auto_renewing, None)","(subs_initiation_time, None)","(subs_trial_until_time, None)","(inapp_purchase_data, None)","(inapp_signature, None)","(preordered, 0)","(owned_via_license, 0)","(shared_by_me, 0)","(sharer_gaia_id, None)","(shareability, 2)","(purchase_time, 1617477842053)","(subscription_library_state, None)","(licensing_data, None)"
"(PID, com.android.vending)","(DN, library.db)","(DP, /home/kali/Desktop/RA/Heisenberg Android/Dump/data/user/0/com.android.vending/databases/library.db)","(TN, ownership)","(RL, 19)","(account, heisenbergcarro@gmail.com)","(library_id, 3)","(backend, 3)","(doc_id, com.google.android.videos)","(doc_type, 1)","(offer_type, 1)","(document_hash, 2699998050032006560)","(subs_valid_until_time, None)","(app_certificate_hash, S6cT3-zpPUdXLcXoRaeoLEqJHy8,JLskwF5H4K76aKWKdmF52bYTpgA)","(app_refund_pre_delivery_endtime_ms, 0)","(app_refund_post_delivery_window_ms, 0)","(subs_auto_renewing, None)","(subs_initiation_time, None)","(subs_trial_until_time, None)","(inapp_purchase_data, None)","(inapp_signature, None)","(preordered, 0)","(owned_via_license, 0)","(shared_by_me, 0)","(sharer_gaia_id, None)","(shareability, 2)","(purchase_time, 1617477856014)","(subscription_library_state, None)","(licensing_data, None)"
"(PID, com.android.vending)","(DN, library.db)","(DP, /home/kali/Desktop/RA/Heisenberg Android/Dump/data/user/0/com.android.vending/databases/library.db)","(TN, ownership)","(RL, 20)","(account, heisenbergcarro@gmail.com)","(library_id, 3)","(backend, 3)","(doc_id, com.facebook.katana)","(doc_type, 1)","(offer_type, 1)","(document_hash, 686733167554566146)","(subs_valid_until_time, None)","(app_certificate_hash, ijxLJi1yGs1JpL-X1SExmchvork)","(app_refund_pre_delivery_endtime_ms, 0)","(app_refund_post_delivery_window_ms, 0)","(subs_auto_renewing, None)","(subs_initiation_time, None)","(subs_trial_until_time, None)","(inapp_purchase_data, None)","(inapp_signature, None)","(preordered, 0)","(owned_via_license, 0)","(shared_by_me, 0)","(sharer_gaia_id, None)","(shareability, 2)","(purchase_time, 1617477871609)","(subscription_library_state, None)","(licensing_data, None)"
"(PID, com.android.vending)","(DN, library.db)","(DP, /home/kali/Desktop/RA/Heisenberg Android/Dump/data/user/0/com.android.vending/databases/library.db)","(TN, ownership)","(RL, 21)","(account, heisenbergcarro@gmail.com)","(library_id, 3)","(backend, 3)","(doc_id, com.google.android.music)","(doc_type, 1)","(offer_type, 1)","(document_hash, -4557652638814947073)","(subs_valid_until_time, None)","(app_certificate_hash, WOHEEz90Qew9LCcCcKFIAtpHug4,OJGKRT0HGZNU-LGa8F7GViztV4g)","(app_refund_pre_delivery_endtime_ms, 0)","(app_refund_post_delivery_window_ms, 0)","(subs_auto_renewing, None)","(subs_initiation_time, None)","(subs_trial_until_time, None)","(inapp_purchase_data, None)","(inapp_signature, None)","(preordered, 0)","(owned_via_license, 0)","(shared_by_me, 0)","(sharer_gaia_id, None)","(shareability, 2)","(purchase_time, 1617477873112)","(subscription_library_state, None)","(licensing_data, None)"
"(PID, com.android.vending)","(DN, library.db)","(DP, /home/kali/Desktop/RA/Heisenberg Android/Dump/data/user/0/com.android.vending/databases/library.db)","(TN, ownership)","(RL, 22)","(account, heisenbergcarro@gmail.com)","(library_id, 3)","(backend, 3)","(doc_id, com.google.android.apps.photos)","(doc_type, 1)","(offer_type, 1)","(document_hash, 6017186397141564148)","(subs_valid_until_time, None)","(app_certificate_hash, S6cT3-zpPUdXLcXoRaeoLEqJHy8,JLskwF5H4K76aKWKdmF52bYTpgA)","(app_refund_pre_delivery_endtime_ms, 0)","(app_refund_post_delivery_window_ms, 0)","(subs_auto_renewing, None)","(subs_initiation_time, None)","(subs_trial_until_time, None)","(inapp_purchase_data, None)","(inapp_signature, None)","(preordered, 0)","(owned_via_license, 0)","(shared_by_me, 0)","(sharer_gaia_id, None)","(shareability, 2)","(purchase_time, 1617477886907)","(subscription_library_state, None)","(licensing_data, None)"
"(PID, com.android.vending)","(DN, library.db)","(DP, /home/kali/Desktop/RA/Heisenberg Android/Dump/data/user/0/com.android.vending/databases/library.db)","(TN, ownership)","(RL, 23)","(account, heisenbergcarro@gmail.com)","(library_id, 3)","(backend, 3)","(doc_id, com.facebook.orca)","(doc_type, 1)","(offer_type, 1)","(document_hash, 2216116245820827153)","(subs_valid_until_time, None)","(app_certificate_hash, ijxLJi1yGs1JpL-X1SExmchvork)","(app_refund_pre_delivery_endtime_ms, 0)","(app_refund_post_delivery_window_ms, 0)","(subs_auto_renewing, None)","(subs_initiation_time, None)","(subs_trial_until_time, None)","(inapp_purchase_data, None)","(inapp_signature, None)","(preordered, 0)","(owned_via_license, 0)","(shared_by_me, 0)","(sharer_gaia_id, None)","(shareability, 2)","(purchase_time, 1617477893060)","(subscription_library_state, None)","(licensing_data, None)"
"(PID, com.android.vending)","(DN, library.db)","(DP, /home/kali/Desktop/RA/Heisenberg Android/Dump/data/user/0/com.android.vending/databases/library.db)","(TN, ownership)","(RL, 24)","(account, heisenbergcarro@gmail.com)","(library_id, 3)","(backend, 3)","(doc_id, com.instagram.android)","(doc_type, 1)","(offer_type, 1)","(document_hash, 1818956025160002533)","(subs_valid_until_time, None)","(app_certificate_hash, xW-31ZG6ZwTfBH_Zj1NTcv6gAhE)","(app_refund_pre_delivery_endtime_ms, 0)","(app_refund_post_delivery_window_ms, 0)","(subs_auto_renewing, None)","(subs_initiation_time, None)","(subs_trial_until_time, None)","(inapp_purchase_data, None)","(inapp_signature, None)","(preordered, 0)","(owned_via_license, 0)","(shared_by_me, 0)","(sharer_gaia_id, None)","(shareability, 2)","(purchase_time, 1617477897614)","(subscription_library_state, None)","(licensing_data, None)"
"(PID, com.android.vending)","(DN, library.db)","(DP, /home/kali/Desktop/RA/Heisenberg Android/Dump/data/user/0/com.android.vending/databases/library.db)","(TN, ownership)","(RL, 25)","(account, heisenbergcarro@gmail.com)","(library_id, 3)","(backend, 3)","(doc_id, com.snapchat.android)","(doc_type, 1)","(offer_type, 1)","(document_hash, 7230736576231080469)","(subs_valid_until_time, None)","(app_certificate_hash, Sfa624HYmp441l3nbwk1UHG9Z-c)","(app_refund_pre_delivery_endtime_ms, 0)","(app_refund_post_delivery_window_ms, 0)","(subs_auto_renewing, None)","(subs_initiation_time, None)","(subs_trial_until_time, None)","(inapp_purchase_data, None)","(inapp_signature, None)","(preordered, 0)","(owned_via_license, 0)","(shared_by_me, 0)","(sharer_gaia_id, None)","(shareability, 2)","(purchase_time, 1617477902979)","(subscription_library_state, None)","(licensing_data, None)"
"(PID, com.android.vending)","(DN, library.db)","(DP, /home/kali/Desktop/RA/Heisenberg Android/Dump/data/user/0/com.android.vending/databases/library.db)","(TN, ownership)","(RL, 26)","(account, heisenbergcarro@gmail.com)","(library_id, 3)","(backend, 3)","(doc_id, com.microsoft.office.outlook)","(doc_type, 1)","(offer_type, 1)","(document_hash, 86138631428765418)","(subs_valid_until_time, None)","(app_certificate_hash, fcg80qvoM1YMKJZibjBwQcDfOno)","(app_refund_pre_delivery_endtime_ms, 0)","(app_refund_post_delivery_window_ms, 0)","(subs_auto_renewing, None)","(subs_initiation_time, None)","(subs_trial_until_time, None)","(inapp_purchase_data, None)","(inapp_signature, None)","(preordered, 0)","(owned_via_license, 0)","(shared_by_me, 0)","(sharer_gaia_id, None)","(shareability, 2)","(purchase_time, 1617477903689)","(subscription_library_state, None)","(licensing_data, None)"
"(PID, com.android.vending)","(DN, library.db)","(DP, /home/kali/Desktop/RA/Heisenberg Android/Dump/data/user/0/com.android.vending/databases/library.db)","(TN, ownership)","(RL, 27)","(account, heisenbergcarro@gmail.com)","(library_id, 3)","(backend, 3)","(doc_id, com.zhiliaoapp.musically)","(doc_type, 1)","(offer_type, 1)","(document_hash, 5856850948047380860)","(subs_valid_until_time, None)","(app_certificate_hash, 1598uFCaXn5xxPKvz7deqMhxd8o)","(app_refund_pre_delivery_endtime_ms, 0)","(app_refund_post_delivery_window_ms, 0)","(subs_auto_renewing, None)","(subs_initiation_time, None)","(subs_trial_until_time, None)","(inapp_purchase_data, None)","(inapp_signature, None)","(preordered, 0)","(owned_via_license, 0)","(shared_by_me, 0)","(sharer_gaia_id, None)","(shareability, 2)","(purchase_time, 1617477907835)","(subscription_library_state, None)","(licensing_data, None)"
"(PID, com.android.vending)","(DN, library.db)","(DP, /home/kali/Desktop/RA/Heisenberg Android/Dump/data/user/0/com.android.vending/databases/library.db)","(TN, ownership)","(RL, 28)","(account, heisenbergcarro@gmail.com)","(library_id, 3)","(backend, 3)","(doc_id, com.linkedin.android)","(doc_type, 1)","(offer_type, 1)","(document_hash, 8517574568568161015)","(subs_valid_until_time, None)","(app_certificate_hash, RDy5l3GNCsUWKIi65eRyRYKGJnY)","(app_refund_pre_delivery_endtime_ms, 0)","(app_refund_post_delivery_window_ms, 0)","(subs_auto_renewing, None)","(subs_initiation_time, None)","(subs_trial_until_time, None)","(inapp_purchase_data, None)","(inapp_signature, None)","(preordered, 0)","(owned_via_license, 0)","(shared_by_me, 0)","(sharer_gaia_id, None)","(shareability, 2)","(purchase_time, 1617477927775)","(subscription_library_state, None)","(licensing_data, None)"
"(PID, com.android.vending)","(DN, library.db)","(DP, /home/kali/Desktop/RA/Heisenberg Android/Dump/data/user/0/com.android.vending/databases/library.db)","(TN, ownership)","(RL, 29)","(account, heisenbergcarro@gmail.com)","(library_id, 3)","(backend, 3)","(doc_id, org.thoughtcrime.securesms)","(doc_type, 1)","(offer_type, 1)","(document_hash, -2760050820242674922)","(subs_valid_until_time, None)","(app_certificate_hash, RZidya2HKMKqmoL6VVA-NKiHk3Q)","(app_refund_pre_delivery_endtime_ms, 0)","(app_refund_post_delivery_window_ms, 0)","(subs_auto_renewing, None)","(subs_initiation_time, None)","(subs_trial_until_time, None)","(inapp_purchase_data, None)","(inapp_signature, None)","(preordered, 0)","(owned_via_license, 0)","(shared_by_me, 0)","(sharer_gaia_id, None)","(shareability, 2)","(purchase_time, 1617477944006)","(subscription_library_state, None)","(licensing_data, None)"
"(PID, com.android.vending)","(DN, library.db)","(DP, /home/kali/Desktop/RA/Heisenberg Android/Dump/data/user/0/com.android.vending/databases/library.db)","(TN, ownership)","(RL, 30)","(account, heisenbergcarro@gmail.com)","(library_id, 3)","(backend, 3)","(doc_id, com.duckduckgo.mobile.android)","(doc_type, 1)","(offer_type, 1)","(document_hash, -1933511394410598930)","(subs_valid_until_time, None)","(app_certificate_hash, -xGbrHKIACXCVzo2-P9Th-raKSM)","(app_refund_pre_delivery_endtime_ms, 0)","(app_refund_post_delivery_window_ms, 0)","(subs_auto_renewing, None)","(subs_initiation_time, None)","(subs_trial_until_time, None)","(inapp_purchase_data, None)","(inapp_signature, None)","(preordered, 0)","(owned_via_license, 0)","(shared_by_me, 0)","(sharer_gaia_id, None)","(shareability, 2)","(purchase_time, 1617477948952)","(subscription_library_state, None)","(licensing_data, None)"
"(PID, com.android.vending)","(DN, library.db)","(DP, /home/kali/Desktop/RA/Heisenberg Android/Dump/data/user/0/com.android.vending/databases/library.db)","(TN, ownership)","(RL, 31)","(account, heisenbergcarro@gmail.com)","(library_id, 3)","(backend, 3)","(doc_id, com.microsoft.office.officehubrow)","(doc_type, 1)","(offer_type, 1)","(document_hash, 8112012103172789101)","(subs_valid_until_time, None)","(app_certificate_hash, fcg80qvoM1YMKJZibjBwQcDfOno)","(app_refund_pre_delivery_endtime_ms, 0)","(app_refund_post_delivery_window_ms, 0)","(subs_auto_renewing, None)","(subs_initiation_time, None)","(subs_trial_until_time, None)","(inapp_purchase_data, None)","(inapp_signature, None)","(preordered, 0)","(owned_via_license, 0)","(shared_by_me, 0)","(sharer_gaia_id, None)","(shareability, 2)","(purchase_time, 1617477972607)","(subscription_library_state, None)","(licensing_data, None)"
"(PID, com.android.vending)","(DN, library.db)","(DP, /home/kali/Desktop/RA/Heisenberg Android/Dump/data/user/0/com.android.vending/databases/library.db)","(TN, ownership)","(RL, 32)","(account, heisenbergcarro@gmail.com)","(library_id, 3)","(backend, 3)","(doc_id, com.venmo)","(doc_type, 1)","(offer_type, 1)","(document_hash, -936446592932672870)","(subs_valid_until_time, None)","(app_certificate_hash, _751HN_czNA-I_Fz-o7_WaXYKfQ)","(app_refund_pre_delivery_endtime_ms, 0)","(app_refund_post_delivery_window_ms, 0)","(subs_auto_renewing, None)","(subs_initiation_time, None)","(subs_trial_until_time, None)","(inapp_purchase_data, None)","(inapp_signature, None)","(preordered, 0)","(owned_via_license, 0)","(shared_by_me, 0)","(sharer_gaia_id, None)","(shareability, 2)","(purchase_time, 1617477983768)","(subscription_library_state, None)","(licensing_data, None)"
"(PID, com.android.vending)","(DN, library.db)","(DP, /home/kali/Desktop/RA/Heisenberg Android/Dump/data/user/0/com.android.vending/databases/library.db)","(TN, ownership)","(RL, 33)","(account, heisenbergcarro@gmail.com)","(library_id, 3)","(backend, 3)","(doc_id, com.samsung.android.spay)","(doc_type, 1)","(offer_type, 1)","(document_hash, -8014808302057716476)","(subs_valid_until_time, None)","(app_certificate_hash, nKUXDzgZGd_gRG_NqxixmhQ7MWM)","(app_refund_pre_delivery_endtime_ms, 0)","(app_refund_post_delivery_window_ms, 0)","(subs_auto_renewing, None)","(subs_initiation_time, None)","(subs_trial_until_time, None)","(inapp_purchase_data, None)","(inapp_signature, None)","(preordered, 0)","(owned_via_license, 0)","(shared_by_me, 0)","(sharer_gaia_id, None)","(shareability, 2)","(purchase_time, 1617478001104)","(subscription_library_state, None)","(licensing_data, None)"
"(PID, com.android.vending)","(DN, library.db)","(DP, /home/kali/Desktop/RA/Heisenberg Android/Dump/data/user/0/com.android.vending/databases/library.db)","(TN, ownership)","(RL, 34)","(account, heisenbergcarro@gmail.com)","(library_id, 3)","(backend, 3)","(doc_id, com.sec.android.app.popupcalculator)","(doc_type, 1)","(offer_type, 1)","(document_hash, 8066185482817326125)","(subs_valid_until_time, None)","(app_certificate_hash, l0Gg8zDcLoYZt2oll_MIw32-MKI)","(app_refund_pre_delivery_endtime_ms, 0)","(app_refund_post_delivery_window_ms, 0)","(subs_auto_renewing, None)","(subs_initiation_time, None)","(subs_trial_until_time, None)","(inapp_purchase_data, None)","(inapp_signature, None)","(preordered, 0)","(owned_via_license, 0)","(shared_by_me, 0)","(sharer_gaia_id, None)","(shareability, 2)","(purchase_time, 1617478021230)","(subscription_library_state, None)","(licensing_data, None)"
"(PID, com.android.vending)","(DN, library.db)","(DP, /home/kali/Desktop/RA/Heisenberg Android/Dump/data/user/0/com.android.vending/databases/library.db)","(TN, ownership)","(RL, 35)","(account, heisenbergcarro@gmail.com)","(library_id, 3)","(backend, 3)","(doc_id, com.samsung.android.app.watchmanager)","(doc_type, 1)","(offer_type, 1)","(document_hash, -1894054353166128125)","(subs_valid_until_time, None)","(app_certificate_hash, nKUXDzgZGd_gRG_NqxixmhQ7MWM)","(app_refund_pre_delivery_endtime_ms, 0)","(app_refund_post_delivery_window_ms, 0)","(subs_auto_renewing, None)","(subs_initiation_time, None)","(subs_trial_until_time, None)","(inapp_purchase_data, None)","(inapp_signature, None)","(preordered, 0)","(owned_via_license, 0)","(shared_by_me, 0)","(sharer_gaia_id, None)","(shareability, 2)","(purchase_time, 1617478030022)","(subscription_library_state, None)","(licensing_data, None)"
"(PID, com.android.vending)","(DN, library.db)","(DP, /home/kali/Desktop/RA/Heisenberg Android/Dump/data/user/0/com.android.vending/databases/library.db)","(TN, ownership)","(RL, 36)","(account, heisenbergcarro@gmail.com)","(library_id, 3)","(backend, 3)","(doc_id, com.sec.android.app.shealth)","(doc_type, 1)","(offer_type, 1)","(document_hash, -5008596636636435894)","(subs_valid_until_time, None)","(app_certificate_hash, l0Gg8zDcLoYZt2oll_MIw32-MKI)","(app_refund_pre_delivery_endtime_ms, 0)","(app_refund_post_delivery_window_ms, 0)","(subs_auto_renewing, None)","(subs_initiation_time, None)","(subs_trial_until_time, None)","(inapp_purchase_data, None)","(inapp_signature, None)","(preordered, 0)","(owned_via_license, 0)","(shared_by_me, 0)","(sharer_gaia_id, None)","(shareability, 2)","(purchase_time, 1617478038802)","(subscription_library_state, None)","(licensing_data, None)"
"(PID, com.android.vending)","(DN, library.db)","(DP, /home/kali/Desktop/RA/Heisenberg Android/Dump/data/user/0/com.android.vending/databases/library.db)","(TN, ownership)","(RL, 37)","(account, heisenbergcarro@gmail.com)","(library_id, 3)","(backend, 3)","(doc_id, com.samsung.android.voc)","(doc_type, 1)","(offer_type, 1)","(document_hash, 6452514702524831611)","(subs_valid_until_time, None)","(app_certificate_hash, nKUXDzgZGd_gRG_NqxixmhQ7MWM)","(app_refund_pre_delivery_endtime_ms, 0)","(app_refund_post_delivery_window_ms, 0)","(subs_auto_renewing, None)","(subs_initiation_time, None)","(subs_trial_until_time, None)","(inapp_purchase_data, None)","(inapp_signature, None)","(preordered, 0)","(owned_via_license, 0)","(shared_by_me, 0)","(sharer_gaia_id, None)","(shareability, 2)","(purchase_time, 1617478067870)","(subscription_library_state, None)","(licensing_data, None)"
"(PID, com.android.vending)","(DN, library.db)","(DP, /home/kali/Desktop/RA/Heisenberg Android/Dump/data/user/0/com.android.vending/databases/library.db)","(TN, ownership)","(RL, 38)","(account, heisenbergcarro@gmail.com)","(library_id, 3)","(backend, 3)","(doc_id, com.sec.android.easyMover)","(doc_type, 1)","(offer_type, 1)","(document_hash, -7513078662372827937)","(subs_valid_until_time, None)","(app_certificate_hash, nKUXDzgZGd_gRG_NqxixmhQ7MWM)","(app_refund_pre_delivery_endtime_ms, 0)","(app_refund_post_delivery_window_ms, 0)","(subs_auto_renewing, None)","(subs_initiation_time, None)","(subs_trial_until_time, None)","(inapp_purchase_data, None)","(inapp_signature, None)","(preordered, 0)","(owned_via_license, 0)","(shared_by_me, 0)","(sharer_gaia_id, None)","(shareability, 2)","(purchase_time, 1617478079368)","(subscription_library_state, None)","(licensing_data, None)"
"(PID, com.android.vending)","(DN, library.db)","(DP, /home/kali/Desktop/RA/Heisenberg Android/Dump/data/user/0/com.android.vending/databases/library.db)","(TN, ownership)","(RL, 39)","(account, heisenbergcarro@gmail.com)","(library_id, 3)","(backend, 3)","(doc_id, com.sec.penup)","(doc_type, 1)","(offer_type, 1)","(document_hash, -3049689647710304655)","(subs_valid_until_time, None)","(app_certificate_hash, xtmqeiUU3Yk8MNfgN4A7rZT4Huk)","(app_refund_pre_delivery_endtime_ms, 0)","(app_refund_post_delivery_window_ms, 0)","(subs_auto_renewing, None)","(subs_initiation_time, None)","(subs_trial_until_time, None)","(inapp_purchase_data, None)","(inapp_signature, None)","(preordered, 0)","(owned_via_license, 0)","(shared_by_me, 0)","(sharer_gaia_id, None)","(shareability, 2)","(purchase_time, 1617478097370)","(subscription_library_state, None)","(licensing_data, None)"
"(PID, com.android.vending)","(DN, library.db)","(DP, /home/kali/Desktop/RA/Heisenberg Android/Dump/data/user/0/com.android.vending/databases/library.db)","(TN, ownership)","(RL, 40)","(account, heisenbergcarro@gmail.com)","(library_id, 3)","(backend, 3)","(doc_id, com.samsung.android.oneconnect)","(doc_type, 1)","(offer_type, 1)","(document_hash, 7322584183066665261)","(subs_valid_until_time, None)","(app_certificate_hash, nKUXDzgZGd_gRG_NqxixmhQ7MWM)","(app_refund_pre_delivery_endtime_ms, 0)","(app_refund_post_delivery_window_ms, 0)","(subs_auto_renewing, None)","(subs_initiation_time, None)","(subs_trial_until_time, None)","(inapp_purchase_data, None)","(inapp_signature, None)","(preordered, 0)","(owned_via_license, 0)","(shared_by_me, 0)","(sharer_gaia_id, None)","(shareability, 2)","(purchase_time, 1617478106655)","(subscription_library_state, None)","(licensing_data, None)"
"(PID, com.android.vending)","(DN, library.db)","(DP, /home/kali/Desktop/RA/Heisenberg Android/Dump/data/user/0/com.android.vending/databases/library.db)","(TN, ownership)","(RL, 41)","(account, heisenbergcarro@gmail.com)","(library_id, 3)","(backend, 3)","(doc_id, com.spotify.music)","(doc_type, 1)","(offer_type, 1)","(document_hash, 5048655157918143942)","(subs_valid_until_time, None)","(app_certificate_hash, 1qbc7UqF8kIEv5UFzMH84RTK2zI)","(app_refund_pre_delivery_endtime_ms, 0)","(app_refund_post_delivery_window_ms, 0)","(subs_auto_renewing, None)","(subs_initiation_time, None)","(subs_trial_until_time, None)","(inapp_purchase_data, None)","(inapp_signature, None)","(preordered, 0)","(owned_via_license, 0)","(shared_by_me, 0)","(sharer_gaia_id, None)","(shareability, 2)","(purchase_time, 1617478133389)","(subscription_library_state, None)","(licensing_data, None)"
"(PID, com.android.vending)","(DN, library.db)","(DP, /home/kali/Desktop/RA/Heisenberg Android/Dump/data/user/0/com.android.vending/databases/library.db)","(TN, ownership)","(RL, 42)","(account, heisenbergcarro@gmail.com)","(library_id, 3)","(backend, 3)","(doc_id, com.twitter.android)","(doc_type, 1)","(offer_type, 1)","(document_hash, -7116092713481767005)","(subs_valid_until_time, None)","(app_certificate_hash, QPMWa7Vn0xRLyn2kZruUi3gicOo)","(app_refund_pre_delivery_endtime_ms, 0)","(app_refund_post_delivery_window_ms, 0)","(subs_auto_renewing, None)","(subs_initiation_time, None)","(subs_trial_until_time, None)","(inapp_purchase_data, None)","(inapp_signature, None)","(preordered, 0)","(owned_via_license, 0)","(shared_by_me, 0)","(sharer_gaia_id, None)","(shareability, 2)","(purchase_time, 1617500828291)","(subscription_library_state, None)","(licensing_data, None)"
"(PID, com.android.vending)","(DN, library.db)","(DP, /home/kali/Desktop/RA/Heisenberg Android/Dump/data/user/0/com.android.vending/databases/library.db)","(TN, ownership)","(RL, 43)","(account, heisenbergcarro@gmail.com)","(library_id, 3)","(backend, 3)","(doc_id, com.whatsapp)","(doc_type, 1)","(offer_type, 1)","(document_hash, -8623699088821392352)","(subs_valid_until_time, None)","(app_certificate_hash, OKD31QX-GP7GT780Psqq8xDb15k)","(app_refund_pre_delivery_endtime_ms, 0)","(app_refund_post_delivery_window_ms, 0)","(subs_auto_renewing, None)","(subs_initiation_time, None)","(subs_trial_until_time, None)","(inapp_purchase_data, None)","(inapp_signature, None)","(preordered, 0)","(owned_via_license, 0)","(shared_by_me, 0)","(sharer_gaia_id, None)","(shareability, 2)","(purchase_time, 1617502931739)","(subscription_library_state, None)","(licensing_data, None)"
"(PID, com.android.vending)","(DN, library.db)","(DP, /home/kali/Desktop/RA/Heisenberg Android/Dump/data/user/0/com.android.vending/databases/library.db)","(TN, ownership)","(RL, 44)","(account, heisenbergcarro@gmail.com)","(library_id, 3)","(backend, 3)","(doc_id, com.samsung.sree)","(doc_type, 1)","(offer_type, 1)","(document_hash, 8459319337095977011)","(subs_valid_until_time, None)","(app_certificate_hash, sc8xN60GCnzVzHEkqIy-mvbiR5Y)","(app_refund_pre_delivery_endtime_ms, 0)","(app_refund_post_delivery_window_ms, 0)","(subs_auto_renewing, None)","(subs_initiation_time, None)","(subs_trial_until_time, None)","(inapp_purchase_data, None)","(inapp_signature, None)","(preordered, 0)","(owned_via_license, 0)","(shared_by_me, 0)","(sharer_gaia_id, None)","(shareability, 2)","(purchase_time, 1617503479048)","(subscription_library_state, None)","(licensing_data, None)"
"(PID, com.android.vending)","(DN, library.db)","(DP, /home/kali/Desktop/RA/Heisenberg Android/Dump/data/user/0/com.android.vending/databases/library.db)","(TN, ownership)","(RL, 45)","(account, heisenbergcarro@gmail.com)","(library_id, 3)","(backend, 3)","(doc_id, com.android.chrome)","(doc_type, 1)","(offer_type, 1)","(document_hash, -3131177435421640921)","(subs_valid_until_time, None)","(app_certificate_hash, WOHEEz90Qew9LCcCcKFIAtpHug4,OJGKRT0HGZNU-LGa8F7GViztV4g)","(app_refund_pre_delivery_endtime_ms, 0)","(app_refund_post_delivery_window_ms, 0)","(subs_auto_renewing, None)","(subs_initiation_time, None)","(subs_trial_until_time, None)","(inapp_purchase_data, None)","(inapp_signature, None)","(preordered, 0)","(owned_via_license, 0)","(shared_by_me, 0)","(sharer_gaia_id, None)","(shareability, 2)","(purchase_time, 1617503747471)","(subscription_library_state, None)","(licensing_data, None)"
"(PID, com.android.vending)","(DN, library.db)","(DP, /home/kali/Desktop/RA/Heisenberg Android/Dump/data/user/0/com.android.vending/databases/library.db)","(TN, ownership)","(RL, 46)","(account, heisenbergcarro@gmail.com)","(library_id, 3)","(backend, 3)","(doc_id, gov.vdh.exposurenotification)","(doc_type, 1)","(offer_type, 1)","(document_hash, 2606909663962994407)","(subs_valid_until_time, None)","(app_certificate_hash, Bv0v-Z6D8k7j3_bLptDqx-6WpE8)","(app_refund_pre_delivery_endtime_ms, 0)","(app_refund_post_delivery_window_ms, 0)","(subs_auto_renewing, None)","(subs_initiation_time, None)","(subs_trial_until_time, None)","(inapp_purchase_data, None)","(inapp_signature, None)","(preordered, 0)","(owned_via_license, 0)","(shared_by_me, 0)","(sharer_gaia_id, None)","(shareability, 2)","(purchase_time, 1617511419125)","(subscription_library_state, None)","(licensing_data, None)"
"(PID, com.android.vending)","(DN, library.db)","(DP, /home/kali/Desktop/RA/Heisenberg Android/Dump/data/user/0/com.android.vending/databases/library.db)","(TN, ownership)","(RL, 47)","(account, heisenbergcarro@gmail.com)","(library_id, 3)","(backend, 3)","(doc_id, com.tmobile.tuesdays)","(doc_type, 1)","(offer_type, 1)","(document_hash, -8201966784790371322)","(subs_valid_until_time, None)","(app_certificate_hash, bQbgm9zjcWgm2QvlvR3D5mmUACQ)","(app_refund_pre_delivery_endtime_ms, 0)","(app_refund_post_delivery_window_ms, 0)","(subs_auto_renewing, None)","(subs_initiation_time, None)","(subs_trial_until_time, None)","(inapp_purchase_data, None)","(inapp_signature, None)","(preordered, 0)","(owned_via_license, 0)","(shared_by_me, 0)","(sharer_gaia_id, None)","(shareability, 2)","(purchase_time, 1617755544010)","(subscription_library_state, None)","(licensing_data, None)"
"(PID, com.android.vending)","(DN, library.db)","(DP, /home/kali/Desktop/RA/Heisenberg Android/Dump/data/user/0/com.android.vending/databases/library.db)","(TN, ownership)","(RL, 48)","(account, heisenbergcarro@gmail.com)","(library_id, 3)","(backend, 3)","(doc_id, app.greyshirts.sslcapture)","(doc_type, 1)","(offer_type, 1)","(document_hash, -4486336204339524421)","(subs_valid_until_time, None)","(app_certificate_hash, iJ7myOw8fcRgpc7AFiD6i0o_RF4)","(app_refund_pre_delivery_endtime_ms, 0)","(app_refund_post_delivery_window_ms, 0)","(subs_auto_renewing, None)","(subs_initiation_time, None)","(subs_trial_until_time, None)","(inapp_purchase_data, None)","(inapp_signature, None)","(preordered, 0)","(owned_via_license, 0)","(shared_by_me, 0)","(sharer_gaia_id, None)","(shareability, 2)","(purchase_time, 1617777807485)","(subscription_library_state, None)","(licensing_data, None)"
"(PID, com.android.vending)","(DN, library.db)","(DP, /home/kali/Desktop/RA/Heisenberg Android/Dump/data/user/0/com.android.vending/databases/library.db)","(TN, ownership)","(RL, 49)","(account, heisenbergcarro@gmail.com)","(library_id, 3)","(backend, 3)","(doc_id, com.netflix.mediaclient)","(doc_type, 1)","(offer_type, 1)","(document_hash, 7919719132456714215)","(subs_valid_until_time, None)","(app_certificate_hash, 1yaNhpvn2Hy3l-j3RJvyRR7YAZs)","(app_refund_pre_delivery_endtime_ms, 0)","(app_refund_post_delivery_window_ms, 0)","(subs_auto_renewing, None)","(subs_initiation_time, None)","(subs_trial_until_time, None)","(inapp_purchase_data, None)","(inapp_signature, None)","(preordered, 0)","(owned_via_license, 0)","(shared_by_me, 0)","(sharer_gaia_id, None)","(shareability, 2)","(purchase_time, 1618078707593)","(subscription_library_state, None)","(licensing_data, None)"
"(PID, com.android.vending)","(DN, library.db)","(DP, /home/kali/Desktop/RA/Heisenberg Android/Dump/data/user/0/com.android.vending/databases/library.db)","(TN, ownership)","(RL, 50)","(account, heisenbergcarro@gmail.com)","(library_id, 3)","(backend, 3)","(doc_id, com.upside.consumer.android)","(doc_type, 1)","(offer_type, 1)","(document_hash, -3128384187017087159)","(subs_valid_until_time, None)","(app_certificate_hash, HhlJfYyr7dwHKx1rGfU74AjhtyI)","(app_refund_pre_delivery_endtime_ms, 0)","(app_refund_post_delivery_window_ms, 0)","(subs_auto_renewing, None)","(subs_initiation_time, None)","(subs_trial_until_time, None)","(inapp_purchase_data, None)","(inapp_signature, None)","(preordered, 0)","(owned_via_license, 0)","(shared_by_me, 0)","(sharer_gaia_id, None)","(shareability, 2)","(purchase_time, 1618197303291)","(subscription_library_state, None)","(licensing_data, None)"
"(PID, com.android.vending)","(DN, library.db)","(DP, /home/kali/Desktop/RA/Heisenberg Android/Dump/data/user/0/com.android.vending/databases/library.db)","(TN, ownership)","(RL, 51)","(account, heisenbergcarro@gmail.com)","(library_id, 3)","(backend, 3)","(doc_id, com.google.tango.measure)","(doc_type, 1)","(offer_type, 1)","(document_hash, 805104402082802030)","(subs_valid_until_time, None)","(app_certificate_hash, ijBwVN7X7_9X0svIYkY_c9Lo5iU)","(app_refund_pre_delivery_endtime_ms, 0)","(app_refund_post_delivery_window_ms, 0)","(subs_auto_renewing, None)","(subs_initiation_time, None)","(subs_trial_until_time, None)","(inapp_purchase_data, None)","(inapp_signature, None)","(preordered, 0)","(owned_via_license, 0)","(shared_by_me, 0)","(sharer_gaia_id, None)","(shareability, 2)","(purchase_time, 1618344511174)","(subscription_library_state, None)","(licensing_data, None)"
"(PID, com.android.vending)","(DN, library.db)","(DP, /home/kali/Desktop/RA/Heisenberg Android/Dump/data/user/0/com.android.vending/databases/library.db)","(TN, ownership)","(RL, 52)","(account, heisenbergcarro@gmail.com)","(library_id, 3)","(backend, 3)","(doc_id, com.google.ar.core)","(doc_type, 1)","(offer_type, 1)","(document_hash, 7174678995059881819)","(subs_valid_until_time, None)","(app_certificate_hash, n6UNALD0vapdjzcb6pgvtZi35pc)","(app_refund_pre_delivery_endtime_ms, 0)","(app_refund_post_delivery_window_ms, 0)","(subs_auto_renewing, None)","(subs_initiation_time, None)","(subs_trial_until_time, None)","(inapp_purchase_data, None)","(inapp_signature, None)","(preordered, 0)","(owned_via_license, 0)","(shared_by_me, 0)","(sharer_gaia_id, None)","(shareability, 2)","(purchase_time, 1618344631492)","(subscription_library_state, None)","(licensing_data, None)"
"(PID, com.android.vending)","(DN, library.db)","(DP, /home/kali/Desktop/RA/Heisenberg Android/Dump/data/user/0/com.android.vending/databases/library.db)","(TN, ownership)","(RL, 53)","(account, heisenbergcarro@gmail.com)","(library_id, 3)","(backend, 3)","(doc_id, com.google.android.webview)","(doc_type, 1)","(offer_type, 1)","(document_hash, -8340601686947919950)","(subs_valid_until_time, None)","(app_certificate_hash, DUYCHqIqNPykgo4Qsp1v9rH7Y9M,Hzh8sl4Aae_KSQreKMBg4J033UU)","(app_refund_pre_delivery_endtime_ms, 0)","(app_refund_post_delivery_window_ms, 0)","(subs_auto_renewing, None)","(subs_initiation_time, None)","(subs_trial_until_time, None)","(inapp_purchase_data, None)","(inapp_signature, None)","(preordered, 0)","(owned_via_license, 0)","(shared_by_me, 0)","(sharer_gaia_id, None)","(shareability, 2)","(purchase_time, 1620202925527)","(subscription_library_state, None)","(licensing_data, None)"
"(PID, com.android.vending)","(DN, library.db)","(DP, /home/kali/Desktop/RA/Heisenberg Android/Dump/data/user/0/com.android.vending/databases/library.db)","(TN, ownership)","(RL, 54)","(account, heisenbergcarro@gmail.com)","(library_id, 3)","(backend, 3)","(doc_id, com.microsoft.appmanager)","(doc_type, 1)","(offer_type, 1)","(document_hash, 3014336686863855015)","(subs_valid_until_time, None)","(app_certificate_hash, r7XE90wdLmd4th42y2Om6AWdKB0)","(app_refund_pre_delivery_endtime_ms, 0)","(app_refund_post_delivery_window_ms, 0)","(subs_auto_renewing, None)","(subs_initiation_time, None)","(subs_trial_until_time, None)","(inapp_purchase_data, None)","(inapp_signature, None)","(preordered, 0)","(owned_via_license, 0)","(shared_by_me, 0)","(sharer_gaia_id, None)","(shareability, 2)","(purchase_time, 1620203292573)","(subscription_library_state, None)","(licensing_data, None)"
"(PID, com.android.vending)","(DN, library.db)","(DP, /home/kali/Desktop/RA/Heisenberg Android/Dump/data/user/0/com.android.vending/databases/library.db)","(TN, ownership)","(RL, 55)","(account, heisenbergcarro@gmail.com)","(library_id, 3)","(backend, 3)","(doc_id, com.sec.android.app.myfiles)","(doc_type, 1)","(offer_type, 1)","(document_hash, 6879202200003090891)","(subs_valid_until_time, None)","(app_certificate_hash, nKUXDzgZGd_gRG_NqxixmhQ7MWM)","(app_refund_pre_delivery_endtime_ms, 0)","(app_refund_post_delivery_window_ms, 0)","(subs_auto_renewing, None)","(subs_initiation_time, None)","(subs_trial_until_time, None)","(inapp_purchase_data, None)","(inapp_signature, None)","(preordered, 0)","(owned_via_license, 0)","(shared_by_me, 0)","(sharer_gaia_id, None)","(shareability, 2)","(purchase_time, 1620204176394)","(subscription_library_state, None)","(licensing_data, None)"
"(PID, com.android.vending)","(DN, library.db)","(DP, /home/kali/Desktop/RA/Heisenberg Android/Dump/data/user/0/com.android.vending/databases/library.db)","(TN, ownership)","(RL, 56)","(account, heisenbergcarro@gmail.com)","(library_id, 3)","(backend, 3)","(doc_id, com.google.android.apps.turbo)","(doc_type, 1)","(offer_type, 1)","(document_hash, 6027853083120349455)","(subs_valid_until_time, None)","(app_certificate_hash, 5uM4-4AichRKoRvtOg1XDQ7e7QA,Qj5M-Q38sJEMiOjxJ250fscpkuE)","(app_refund_pre_delivery_endtime_ms, 0)","(app_refund_post_delivery_window_ms, 0)","(subs_auto_renewing, None)","(subs_initiation_time, None)","(subs_trial_until_time, None)","(inapp_purchase_data, None)","(inapp_signature, None)","(preordered, 0)","(owned_via_license, 0)","(shared_by_me, 0)","(sharer_gaia_id, None)","(shareability, 2)","(purchase_time, 1620204191149)","(subscription_library_state, None)","(licensing_data, None)"
"(PID, com.android.vending)","(DN, library.db)","(DP, /home/kali/Desktop/RA/Heisenberg Android/Dump/data/user/0/com.android.vending/databases/library.db)","(TN, ownership)","(RL, 57)","(account, heisenbergcarro@gmail.com)","(library_id, 3)","(backend, 3)","(doc_id, com.samsung.android.app.aodservice)","(doc_type, 1)","(offer_type, 1)","(document_hash, 6113246869976581452)","(subs_valid_until_time, None)","(app_certificate_hash, nKUXDzgZGd_gRG_NqxixmhQ7MWM)","(app_refund_pre_delivery_endtime_ms, 0)","(app_refund_post_delivery_window_ms, 0)","(subs_auto_renewing, None)","(subs_initiation_time, None)","(subs_trial_until_time, None)","(inapp_purchase_data, None)","(inapp_signature, None)","(preordered, 0)","(owned_via_license, 0)","(shared_by_me, 0)","(sharer_gaia_id, None)","(shareability, 2)","(purchase_time, 1620204243418)","(subscription_library_state, None)","(licensing_data, None)"
"(PID, com.android.vending)","(DN, library.db)","(DP, /home/kali/Desktop/RA/Heisenberg Android/Dump/data/user/0/com.android.vending/databases/library.db)","(TN, ownership)","(RL, 58)","(account, heisenbergcarro@gmail.com)","(library_id, 3)","(backend, 3)","(doc_id, com.dsi.ant.service.socket)","(doc_type, 1)","(offer_type, 1)","(document_hash, 8710349013526237162)","(subs_valid_until_time, None)","(app_certificate_hash, SmJS6Qz_anZd29RZoMR1mSfTHQs)","(app_refund_pre_delivery_endtime_ms, 0)","(app_refund_post_delivery_window_ms, 0)","(subs_auto_renewing, None)","(subs_initiation_time, None)","(subs_trial_until_time, None)","(inapp_purchase_data, None)","(inapp_signature, None)","(preordered, 0)","(owned_via_license, 0)","(shared_by_me, 0)","(sharer_gaia_id, None)","(shareability, 2)","(purchase_time, 1620206122378)","(subscription_library_state, None)","(licensing_data, None)"
"(PID, com.android.vending)","(DN, library.db)","(DP, /home/kali/Desktop/RA/Heisenberg Android/Dump/data/user/0/com.android.vending/databases/library.db)","(TN, ownership)","(RL, 59)","(account, heisenbergcarro@gmail.com)","(library_id, 3)","(backend, 3)","(doc_id, com.samsung.android.lool)","(doc_type, 1)","(offer_type, 1)","(document_hash, 4754539576742716023)","(subs_valid_until_time, None)","(app_certificate_hash, nKUXDzgZGd_gRG_NqxixmhQ7MWM)","(app_refund_pre_delivery_endtime_ms, 0)","(app_refund_post_delivery_window_ms, 0)","(subs_auto_renewing, None)","(subs_initiation_time, None)","(subs_trial_until_time, None)","(inapp_purchase_data, None)","(inapp_signature, None)","(preordered, 0)","(owned_via_license, 0)","(shared_by_me, 0)","(sharer_gaia_id, None)","(shareability, 2)","(purchase_time, 1620210641031)","(subscription_library_state, None)","(licensing_data, None)"
"(PID, com.android.vending)","(DN, library.db)","(DP, /home/kali/Desktop/RA/Heisenberg Android/Dump/data/user/0/com.android.vending/databases/library.db)","(TN, ownership)","(RL, 60)","(account, heisenbergcarro@gmail.com)","(library_id, 3)","(backend, 3)","(doc_id, com.google.android.as)","(doc_type, 1)","(offer_type, 1)","(document_hash, 8288544622680556061)","(subs_valid_until_time, None)","(app_certificate_hash, BCS9HESwcGVR3dp4IfzSQjiOOJ0,Nb2VaGfGl3jqx22kwZhGm3fSzaE)","(app_refund_pre_delivery_endtime_ms, 0)","(app_refund_post_delivery_window_ms, 0)","(subs_auto_renewing, None)","(subs_initiation_time, None)","(subs_trial_until_time, None)","(inapp_purchase_data, None)","(inapp_signature, None)","(preordered, 0)","(owned_via_license, 0)","(shared_by_me, 0)","(sharer_gaia_id, None)","(shareability, 2)","(purchase_time, 1620277378962)","(subscription_library_state, None)","(licensing_data, None)"
"(PID, com.android.vending)","(DN, library.db)","(DP, /home/kali/Desktop/RA/Heisenberg Android/Dump/data/user/0/com.android.vending/databases/library.db)","(TN, ownership)","(RL, 61)","(account, heisenbergcarro@gmail.com)","(library_id, 3)","(backend, 3)","(doc_id, com.google.android.tts)","(doc_type, 1)","(offer_type, 1)","(document_hash, 4742925068968797671)","(subs_valid_until_time, None)","(app_certificate_hash, WOHEEz90Qew9LCcCcKFIAtpHug4,OJGKRT0HGZNU-LGa8F7GViztV4g)","(app_refund_pre_delivery_endtime_ms, 0)","(app_refund_post_delivery_window_ms, 0)","(subs_auto_renewing, None)","(subs_initiation_time, None)","(subs_trial_until_time, None)","(inapp_purchase_data, None)","(inapp_signature, None)","(preordered, 0)","(owned_via_license, 0)","(shared_by_me, 0)","(sharer_gaia_id, None)","(shareability, 2)","(purchase_time, 1620277391153)","(subscription_library_state, None)","(licensing_data, None)"
"(PID, com.android.vending)","(DN, library.db)","(DP, /home/kali/Desktop/RA/Heisenberg Android/Dump/data/user/0/com.android.vending/databases/library.db)","(TN, ownership)","(RL, 62)","(account, heisenbergcarro@gmail.com)","(library_id, 3)","(backend, 3)","(doc_id, com.dsi.ant.plugins.antplus)","(doc_type, 1)","(offer_type, 1)","(document_hash, 2705411436511327197)","(subs_valid_until_time, None)","(app_certificate_hash, SmJS6Qz_anZd29RZoMR1mSfTHQs)","(app_refund_pre_delivery_endtime_ms, 0)","(app_refund_post_delivery_window_ms, 0)","(subs_auto_renewing, None)","(subs_initiation_time, None)","(subs_trial_until_time, None)","(inapp_purchase_data, None)","(inapp_signature, None)","(preordered, 0)","(owned_via_license, 0)","(shared_by_me, 0)","(sharer_gaia_id, None)","(shareability, 2)","(purchase_time, 1620298338248)","(subscription_library_state, None)","(licensing_data, None)"
"(PID, com.android.vending)","(DN, library.db)","(DP, /home/kali/Desktop/RA/Heisenberg Android/Dump/data/user/0/com.android.vending/databases/library.db)","(TN, ownership)","(RL, 63)","(account, heisenbergcarro@gmail.com)","(library_id, 3)","(backend, 3)","(doc_id, com.google.android.youtube)","(doc_type, 1)","(offer_type, 1)","(document_hash, 8977752038416141251)","(subs_valid_until_time, None)","(app_certificate_hash, S6cT3-zpPUdXLcXoRaeoLEqJHy8,JLskwF5H4K76aKWKdmF52bYTpgA)","(app_refund_pre_delivery_endtime_ms, 0)","(app_refund_post_delivery_window_ms, 0)","(subs_auto_renewing, None)","(subs_initiation_time, None)","(subs_trial_until_time, None)","(inapp_purchase_data, None)","(inapp_signature, None)","(preordered, 0)","(owned_via_license, 0)","(shared_by_me, 0)","(sharer_gaia_id, None)","(shareability, 2)","(purchase_time, 1620319951124)","(subscription_library_state, None)","(licensing_data, None)"
"(PID, com.android.vending)","(DN, library.db)","(DP, /home/kali/Desktop/RA/Heisenberg Android/Dump/data/user/0/com.android.vending/databases/library.db)","(TN, ownership)","(RL, 64)","(account, heisenbergcarro@gmail.com)","(library_id, 3)","(backend, 3)","(doc_id, com.app.tgtg)","(doc_type, 1)","(offer_type, 1)","(document_hash, -907203069665215292)","(subs_valid_until_time, None)","(app_certificate_hash, XEwAsEOJuiugmGCuOmBcksdLFMo)","(app_refund_pre_delivery_endtime_ms, 0)","(app_refund_post_delivery_window_ms, 0)","(subs_auto_renewing, None)","(subs_initiation_time, None)","(subs_trial_until_time, None)","(inapp_purchase_data, None)","(inapp_signature, None)","(preordered, 0)","(owned_via_license, 0)","(shared_by_me, 0)","(sharer_gaia_id, None)","(shareability, 2)","(purchase_time, 1621564135127)","(subscription_library_state, None)","(licensing_data, None)"
"(PID, com.android.vending)","(DN, library.db)","(DP, /home/kali/Desktop/RA/Heisenberg Android/Dump/data/user/0/com.android.vending/databases/library.db)","(TN, ownership)","(RL, 65)","(account, heisenbergcarro@gmail.com)","(library_id, 3)","(backend, 3)","(doc_id, com.google.android.apps.maps)","(doc_type, 1)","(offer_type, 1)","(document_hash, 8159790018271654976)","(subs_valid_until_time, None)","(app_certificate_hash, WOHEEz90Qew9LCcCcKFIAtpHug4,OJGKRT0HGZNU-LGa8F7GViztV4g)","(app_refund_pre_delivery_endtime_ms, 0)","(app_refund_post_delivery_window_ms, 0)","(subs_auto_renewing, None)","(subs_initiation_time, None)","(subs_trial_until_time, None)","(inapp_purchase_data, None)","(inapp_signature, None)","(preordered, 0)","(owned_via_license, 0)","(shared_by_me, 0)","(sharer_gaia_id, None)","(shareability, 2)","(purchase_time, 1621646531583)","(subscription_library_state, None)","(licensing_data, None)"
"(PID, com.android.vending)","(DN, library.db)","(DP, /home/kali/Desktop/RA/Heisenberg Android/Dump/data/user/0/com.android.vending/databases/library.db)","(TN, ownership)","(RL, 66)","(account, heisenbergcarro@gmail.com)","(library_id, 3)","(backend, 3)","(doc_id, com.sec.spp.push)","(doc_type, 1)","(offer_type, 1)","(document_hash, -8477639644408072133)","(subs_valid_until_time, None)","(app_certificate_hash, OXdN2OLm3LJw83Z5FUwF5L0-rlM)","(app_refund_pre_delivery_endtime_ms, 0)","(app_refund_post_delivery_window_ms, 0)","(subs_auto_renewing, None)","(subs_initiation_time, None)","(subs_trial_until_time, None)","(inapp_purchase_data, None)","(inapp_signature, None)","(preordered, 0)","(owned_via_license, 0)","(shared_by_me, 0)","(sharer_gaia_id, None)","(shareability, 2)","(purchase_time, 1621789881014)","(subscription_library_state, None)","(licensing_data, None)"
"(PID, com.android.vending)","(DN, library.db)","(DP, /home/kali/Desktop/RA/Heisenberg Android/Dump/data/user/0/com.android.vending/databases/library.db)","(TN, ownership)","(RL, 67)","(account, heisenbergcarro@gmail.com)","(library_id, 3)","(backend, 3)","(doc_id, com.google.android.apps.tachyon)","(doc_type, 1)","(offer_type, 1)","(document_hash, -3720071781101576356)","(subs_valid_until_time, None)","(app_certificate_hash, oLwJr1J7Y5fHqe8XHWz3b3V77MM)","(app_refund_pre_delivery_endtime_ms, 0)","(app_refund_post_delivery_window_ms, 0)","(subs_auto_renewing, None)","(subs_initiation_time, None)","(subs_trial_until_time, None)","(inapp_purchase_data, None)","(inapp_signature, None)","(preordered, 0)","(owned_via_license, 0)","(shared_by_me, 0)","(sharer_gaia_id, None)","(shareability, 2)","(purchase_time, 1621789885646)","(subscription_library_state, None)","(licensing_data, None)"
"(PID, com.android.vending)","(DN, library.db)","(DP, /home/kali/Desktop/RA/Heisenberg Android/Dump/data/user/0/com.android.vending/databases/library.db)","(TN, ownership)","(RL, 68)","(account, heisenbergcarro@gmail.com)","(library_id, 3)","(backend, 3)","(doc_id, com.google.android.googlequicksearchbox)","(doc_type, 1)","(offer_type, 1)","(document_hash, 247446443903077913)","(subs_valid_until_time, None)","(app_certificate_hash, WOHEEz90Qew9LCcCcKFIAtpHug4,OJGKRT0HGZNU-LGa8F7GViztV4g)","(app_refund_pre_delivery_endtime_ms, 0)","(app_refund_post_delivery_window_ms, 0)","(subs_auto_renewing, None)","(subs_initiation_time, None)","(subs_trial_until_time, None)","(inapp_purchase_data, None)","(inapp_signature, None)","(preordered, 0)","(owned_via_license, 0)","(shared_by_me, 0)","(sharer_gaia_id, None)","(shareability, 2)","(purchase_time, 1622047212902)","(subscription_library_state, None)","(licensing_data, None)"
"(PID, com.android.vending)","(DN, library.db)","(DP, /home/kali/Desktop/RA/Heisenberg Android/Dump/data/user/0/com.android.vending/databases/library.db)","(TN, ownership)","(RL, 69)","(account, heisenbergcarro@gmail.com)","(library_id, 3)","(backend, 3)","(doc_id, com.google.android.projection.gearhead)","(doc_type, 1)","(offer_type, 1)","(document_hash, 335242278398152239)","(subs_valid_until_time, None)","(app_certificate_hash, WOHEEz90Qew9LCcCcKFIAtpHug4,nKkfnnBNYw72eiP1K_FXepK5yl0)","(app_refund_pre_delivery_endtime_ms, 0)","(app_refund_post_delivery_window_ms, 0)","(subs_auto_renewing, None)","(subs_initiation_time, None)","(subs_trial_until_time, None)","(inapp_purchase_data, None)","(inapp_signature, None)","(preordered, 0)","(owned_via_license, 0)","(shared_by_me, 0)","(sharer_gaia_id, None)","(shareability, 2)","(purchase_time, 1622047441601)","(subscription_library_state, None)","(licensing_data, None)"
"(PID, com.android.vending)","(DN, library.db)","(DP, /home/kali/Desktop/RA/Heisenberg Android/Dump/data/user/0/com.android.vending/databases/library.db)","(TN, ownership)","(RL, 70)","(account, heisenbergcarro@gmail.com)","(library_id, 3)","(backend, 3)","(doc_id, com.sec.android.app.sbrowser)","(doc_type, 1)","(offer_type, 1)","(document_hash, -9167583667167653488)","(subs_valid_until_time, None)","(app_certificate_hash, nKUXDzgZGd_gRG_NqxixmhQ7MWM)","(app_refund_pre_delivery_endtime_ms, 0)","(app_refund_post_delivery_window_ms, 0)","(subs_auto_renewing, None)","(subs_initiation_time, None)","(subs_trial_until_time, None)","(inapp_purchase_data, None)","(inapp_signature, None)","(preordered, 0)","(owned_via_license, 0)","(shared_by_me, 0)","(sharer_gaia_id, None)","(shareability, 2)","(purchase_time, 1622047457014)","(subscription_library_state, None)","(licensing_data, None)"
"(PID, com.android.vending)","(DN, library.db)","(DP, /home/kali/Desktop/RA/Heisenberg Android/Dump/data/user/0/com.android.vending/databases/library.db)","(TN, ownership)","(RL, 71)","(account, heisenbergcarro@gmail.com)","(library_id, 3)","(backend, 3)","(doc_id, com.microsoft.skydrive)","(doc_type, 1)","(offer_type, 1)","(document_hash, 6617868882959447776)","(subs_valid_until_time, None)","(app_certificate_hash, gSoqzhbCjkyvI_l7kC7IdG7KbPU)","(app_refund_pre_delivery_endtime_ms, 0)","(app_refund_post_delivery_window_ms, 0)","(subs_auto_renewing, None)","(subs_initiation_time, None)","(subs_trial_until_time, None)","(inapp_purchase_data, None)","(inapp_signature, None)","(preordered, 0)","(owned_via_license, 0)","(shared_by_me, 0)","(sharer_gaia_id, None)","(shareability, 2)","(purchase_time, 1622047523767)","(subscription_library_state, None)","(licensing_data, None)"
"(PID, com.android.vending)","(DN, library.db)","(DP, /home/kali/Desktop/RA/Heisenberg Android/Dump/data/user/0/com.android.vending/databases/library.db)","(TN, ownership)","(RL, 72)","(account, heisenbergcarro@gmail.com)","(library_id, 3)","(backend, 3)","(doc_id, com.samsung.android.privateshare)","(doc_type, 1)","(offer_type, 1)","(document_hash, -3002349636818944121)","(subs_valid_until_time, None)","(app_certificate_hash, nKUXDzgZGd_gRG_NqxixmhQ7MWM)","(app_refund_pre_delivery_endtime_ms, 0)","(app_refund_post_delivery_window_ms, 0)","(subs_auto_renewing, None)","(subs_initiation_time, None)","(subs_trial_until_time, None)","(inapp_purchase_data, None)","(inapp_signature, None)","(preordered, 0)","(owned_via_license, 0)","(shared_by_me, 0)","(sharer_gaia_id, None)","(shareability, 2)","(purchase_time, 1622047635272)","(subscription_library_state, None)","(licensing_data, None)"
"(PID, com.android.vending)","(DN, library.db)","(DP, /home/kali/Desktop/RA/Heisenberg Android/Dump/data/user/0/com.android.vending/databases/library.db)","(TN, ownership)","(RL, 73)","(account, heisenbergcarro@gmail.com)","(library_id, 3)","(backend, 3)","(doc_id, com.google.android.gm)","(doc_type, 1)","(offer_type, 1)","(document_hash, 3922331501439034041)","(subs_valid_until_time, None)","(app_certificate_hash, WOHEEz90Qew9LCcCcKFIAtpHug4,OJGKRT0HGZNU-LGa8F7GViztV4g)","(app_refund_pre_delivery_endtime_ms, 0)","(app_refund_post_delivery_window_ms, 0)","(subs_auto_renewing, None)","(subs_initiation_time, None)","(subs_trial_until_time, None)","(inapp_purchase_data, None)","(inapp_signature, None)","(preordered, 0)","(owned_via_license, 0)","(shared_by_me, 0)","(sharer_gaia_id, None)","(shareability, 2)","(purchase_time, 1622047647381)","(subscription_library_state, None)","(licensing_data, None)"
"(PID, com.android.vending)","(DN, library.db)","(DP, /home/kali/Desktop/RA/Heisenberg Android/Dump/data/user/0/com.android.vending/databases/library.db)","(TN, ownership)","(RL, 74)","(account, heisenbergcarro@gmail.com)","(library_id, 3)","(backend, 3)","(doc_id, com.beenverified.android)","(doc_type, 1)","(offer_type, 1)","(document_hash, -5892532531717501724)","(subs_valid_until_time, None)","(app_certificate_hash, LrCMgIbK-Y1d88egYhq1F6GSr-U)","(app_refund_pre_delivery_endtime_ms, 0)","(app_refund_post_delivery_window_ms, 0)","(subs_auto_renewing, None)","(subs_initiation_time, None)","(subs_trial_until_time, None)","(inapp_purchase_data, None)","(inapp_signature, None)","(preordered, 0)","(owned_via_license, 0)","(shared_by_me, 0)","(sharer_gaia_id, None)","(shareability, 2)","(purchase_time, 1622599087143)","(subscription_library_state, None)","(licensing_data, None)"
"(PID, com.android.vending)","(DN, library.db)","(DP, /home/kali/Desktop/RA/Heisenberg Android/Dump/data/user/0/com.android.vending/databases/library.db)","(TN, ownership)","(RL, 75)","(account, heisenbergcarro@gmail.com)","(library_id, 3)","(backend, 3)","(doc_id, com.instantcheckmate.app)","(doc_type, 1)","(offer_type, 1)","(document_hash, 2579630161731100345)","(subs_valid_until_time, None)","(app_certificate_hash, rvNN3wVXqWLdB0J0Wl8dENp8IEI)","(app_refund_pre_delivery_endtime_ms, 0)","(app_refund_post_delivery_window_ms, 0)","(subs_auto_renewing, None)","(subs_initiation_time, None)","(subs_trial_until_time, None)","(inapp_purchase_data, None)","(inapp_signature, None)","(preordered, 0)","(owned_via_license, 0)","(shared_by_me, 0)","(sharer_gaia_id, None)","(shareability, 2)","(purchase_time, 1622599497157)","(subscription_library_state, None)","(licensing_data, None)"
"(PID, com.android.vending)","(DN, library.db)","(DP, /home/kali/Desktop/RA/Heisenberg Android/Dump/data/user/0/com.android.vending/databases/library.db)","(TN, ownership)","(RL, 76)","(account, heisenbergcarro@gmail.com)","(library_id, 3)","(backend, 3)","(doc_id, com.reddit.frontpage)","(doc_type, 1)","(offer_type, 1)","(document_hash, -8387182307155203268)","(subs_valid_until_time, None)","(app_certificate_hash, i8od2oskGOUwD8kaxDu_IRKQeS4)","(app_refund_pre_delivery_endtime_ms, 0)","(app_refund_post_delivery_window_ms, 0)","(subs_auto_renewing, None)","(subs_initiation_time, None)","(subs_trial_until_time, None)","(inapp_purchase_data, None)","(inapp_signature, None)","(preordered, 0)","(owned_via_license, 0)","(shared_by_me, 0)","(sharer_gaia_id, None)","(shareability, 2)","(purchase_time, 1622779748143)","(subscription_library_state, None)","(licensing_data, None)"
"(PID, com.android.vending)","(DN, library.db)","(DP, /home/kali/Desktop/RA/Heisenberg Android/Dump/data/user/0/com.android.vending/databases/library.db)","(TN, ownership)","(RL, 77)","(account, heisenbergcarro@gmail.com)","(library_id, 3)","(backend, 3)","(doc_id, com.androidrocker.voicechanger)","(doc_type, 1)","(offer_type, 1)","(document_hash, 4128099514864317400)","(subs_valid_until_time, None)","(app_certificate_hash, phzkh0NMc9SKsBCplN2o_24MNH0)","(app_refund_pre_delivery_endtime_ms, 0)","(app_refund_post_delivery_window_ms, 0)","(subs_auto_renewing, None)","(subs_initiation_time, None)","(subs_trial_until_time, None)","(inapp_purchase_data, None)","(inapp_signature, None)","(preordered, 0)","(owned_via_license, 0)","(shared_by_me, 0)","(sharer_gaia_id, None)","(shareability, 2)","(purchase_time, 1623778835766)","(subscription_library_state, None)","(licensing_data, None)"
"(PID, com.android.vending)","(DN, library.db)","(DP, /home/kali/Desktop/RA/Heisenberg Android/Dump/data/user/0/com.android.vending/databases/library.db)","(TN, ownership)","(RL, 78)","(account, heisenbergcarro@gmail.com)","(library_id, 3)","(backend, 3)","(doc_id, catching.cheatingspouseapp.app)","(doc_type, 1)","(offer_type, 1)","(document_hash, -3002971008435493426)","(subs_valid_until_time, None)","(app_certificate_hash, LraF3KTby0pRl6ugRw4cLn4HCiI)","(app_refund_pre_delivery_endtime_ms, 0)","(app_refund_post_delivery_window_ms, 0)","(subs_auto_renewing, None)","(subs_initiation_time, None)","(subs_trial_until_time, None)","(inapp_purchase_data, None)","(inapp_signature, None)","(preordered, 0)","(owned_via_license, 0)","(shared_by_me, 0)","(sharer_gaia_id, None)","(shareability, 2)","(purchase_time, 1623778913801)","(subscription_library_state, None)","(licensing_data, None)"
"(PID, com.android.vending)","(DN, library.db)","(DP, /home/kali/Desktop/RA/Heisenberg Android/Dump/data/user/0/com.android.vending/databases/library.db)","(TN, ownership)","(RL, 79)","(account, heisenbergcarro@gmail.com)","(library_id, 3)","(backend, 3)","(doc_id, com.antispycell.free)","(doc_type, 1)","(offer_type, 1)","(document_hash, -1039997439997226438)","(subs_valid_until_time, None)","(app_certificate_hash, Z1JW7-c3EqyaOYDKRB4sNV5rWSo)","(app_refund_pre_delivery_endtime_ms, 0)","(app_refund_post_delivery_window_ms, 0)","(subs_auto_renewing, None)","(subs_initiation_time, None)","(subs_trial_until_time, None)","(inapp_purchase_data, None)","(inapp_signature, None)","(preordered, 0)","(owned_via_license, 0)","(shared_by_me, 0)","(sharer_gaia_id, None)","(shareability, 2)","(purchase_time, 1623779026309)","(subscription_library_state, None)","(licensing_data, None)"
"(PID, com.android.vending)","(DN, library.db)","(DP, /home/kali/Desktop/RA/Heisenberg Android/Dump/data/user/0/com.android.vending/databases/library.db)","(TN, ownership)","(RL, 80)","(account, heisenbergcarro@gmail.com)","(library_id, 3)","(backend, 3)","(doc_id, com.flatfish.cal.privacy)","(doc_type, 1)","(offer_type, 1)","(document_hash, -2869935801496552187)","(subs_valid_until_time, None)","(app_certificate_hash, vRWyryR-8AIr8agPW1jeGUpukdY)","(app_refund_pre_delivery_endtime_ms, 0)","(app_refund_post_delivery_window_ms, 0)","(subs_auto_renewing, None)","(subs_initiation_time, None)","(subs_trial_until_time, None)","(inapp_purchase_data, None)","(inapp_signature, None)","(preordered, 0)","(owned_via_license, 0)","(shared_by_me, 0)","(sharer_gaia_id, None)","(shareability, 2)","(purchase_time, 1623779291923)","(subscription_library_state, None)","(licensing_data, None)"
"(PID, com.android.vending)","(DN, library.db)","(DP, /home/kali/Desktop/RA/Heisenberg Android/Dump/data/user/0/com.android.vending/databases/library.db)","(TN, ownership)","(RL, 81)","(account, heisenbergcarro@gmail.com)","(library_id, 3)","(backend, 3)","(doc_id, com.ea.game.nfs14_row)","(doc_type, 1)","(offer_type, 1)","(document_hash, 6625365771416034915)","(subs_valid_until_time, None)","(app_certificate_hash, k2YaSpBidokJzCTjE5l3CPYubdE)","(app_refund_pre_delivery_endtime_ms, 0)","(app_refund_post_delivery_window_ms, 0)","(subs_auto_renewing, None)","(subs_initiation_time, None)","(subs_trial_until_time, None)","(inapp_purchase_data, None)","(inapp_signature, None)","(preordered, 0)","(owned_via_license, 0)","(shared_by_me, 0)","(sharer_gaia_id, None)","(shareability, 2)","(purchase_time, 1623992931803)","(subscription_library_state, None)","(licensing_data, None)"
"(PID, com.android.vending)","(DN, library.db)","(DP, /home/kali/Desktop/RA/Heisenberg Android/Dump/data/user/0/com.android.vending/databases/library.db)","(TN, ownership)","(RL, 82)","(account, heisenbergcarro@gmail.com)","(library_id, 3)","(backend, 3)","(doc_id, com.carfax.consumer)","(doc_type, 1)","(offer_type, 1)","(document_hash, 4117253292298408632)","(subs_valid_until_time, None)","(app_certificate_hash, 6yeQiseY7QlDRfs46uJHvgDO6Kg)","(app_refund_pre_delivery_endtime_ms, 0)","(app_refund_post_delivery_window_ms, 0)","(subs_auto_renewing, None)","(subs_initiation_time, None)","(subs_trial_until_time, None)","(inapp_purchase_data, None)","(inapp_signature, None)","(preordered, 0)","(owned_via_license, 0)","(shared_by_me, 0)","(sharer_gaia_id, None)","(shareability, 2)","(purchase_time, 1623992972158)","(subscription_library_state, None)","(licensing_data, None)"
"(PID, com.android.vending)","(DN, library.db)","(DP, /home/kali/Desktop/RA/Heisenberg Android/Dump/data/user/0/com.android.vending/databases/library.db)","(TN, ownership)","(RL, 83)","(account, heisenbergcarro@gmail.com)","(library_id, 3)","(backend, 3)","(doc_id, com.cargurus.mobileApp)","(doc_type, 1)","(offer_type, 1)","(document_hash, 4811902518487022551)","(subs_valid_until_time, None)","(app_certificate_hash, s6NT2QOzg2Uv7WCmkUV7OXXZ9DA)","(app_refund_pre_delivery_endtime_ms, 0)","(app_refund_post_delivery_window_ms, 0)","(subs_auto_renewing, None)","(subs_initiation_time, None)","(subs_trial_until_time, None)","(inapp_purchase_data, None)","(inapp_signature, None)","(preordered, 0)","(owned_via_license, 0)","(shared_by_me, 0)","(sharer_gaia_id, None)","(shareability, 2)","(purchase_time, 1623992979310)","(subscription_library_state, None)","(licensing_data, None)"
"(PID, com.android.vending)","(DN, library.db)","(DP, /home/kali/Desktop/RA/Heisenberg Android/Dump/data/user/0/com.android.vending/databases/library.db)","(TN, ownership)","(RL, 84)","(account, heisenbergcarro@gmail.com)","(library_id, 3)","(backend, 3)","(doc_id, com.autotrader.android)","(doc_type, 1)","(offer_type, 1)","(document_hash, -294087276827229905)","(subs_valid_until_time, None)","(app_certificate_hash, I-a69fAO2ApfAkKxdo3DERkOvUM)","(app_refund_pre_delivery_endtime_ms, 0)","(app_refund_post_delivery_window_ms, 0)","(subs_auto_renewing, None)","(subs_initiation_time, None)","(subs_trial_until_time, None)","(inapp_purchase_data, None)","(inapp_signature, None)","(preordered, 0)","(owned_via_license, 0)","(shared_by_me, 0)","(sharer_gaia_id, None)","(shareability, 2)","(purchase_time, 1623992985785)","(subscription_library_state, None)","(licensing_data, None)"
"(PID, com.android.vending)","(DN, library.db)","(DP, /home/kali/Desktop/RA/Heisenberg Android/Dump/data/user/0/com.android.vending/databases/library.db)","(TN, ownership)","(RL, 85)","(account, heisenbergcarro@gmail.com)","(library_id, 3)","(backend, 3)","(doc_id, com.lemurmonitors.bluedriver)","(doc_type, 1)","(offer_type, 1)","(document_hash, 1131817498419432098)","(subs_valid_until_time, None)","(app_certificate_hash, 6jW5FNAjolXe-CHc58s4LTaey8w)","(app_refund_pre_delivery_endtime_ms, 0)","(app_refund_post_delivery_window_ms, 0)","(subs_auto_renewing, None)","(subs_initiation_time, None)","(subs_trial_until_time, None)","(inapp_purchase_data, None)","(inapp_signature, None)","(preordered, 0)","(owned_via_license, 0)","(shared_by_me, 0)","(sharer_gaia_id, None)","(shareability, 2)","(purchase_time, 1623993174364)","(subscription_library_state, None)","(licensing_data, None)"
"(PID, com.android.vending)","(DN, library.db)","(DP, /home/kali/Desktop/RA/Heisenberg Android/Dump/data/user/0/com.android.vending/databases/library.db)","(TN, ownership)","(RL, 86)","(account, heisenbergcarro@gmail.com)","(library_id, 3)","(backend, 3)","(doc_id, com.napko.RealDash)","(doc_type, 1)","(offer_type, 1)","(document_hash, -4908120863860705493)","(subs_valid_until_time, None)","(app_certificate_hash, Fgu5CnT0GfT8vgqxmSPI0juK5vA)","(app_refund_pre_delivery_endtime_ms, 0)","(app_refund_post_delivery_window_ms, 0)","(subs_auto_renewing, None)","(subs_initiation_time, None)","(subs_trial_until_time, None)","(inapp_purchase_data, None)","(inapp_signature, None)","(preordered, 0)","(owned_via_license, 0)","(shared_by_me, 0)","(sharer_gaia_id, None)","(shareability, 2)","(purchase_time, 1623993202719)","(subscription_library_state, None)","(licensing_data, None)"
"(PID, com.android.vending)","(DN, library.db)","(DP, /home/kali/Desktop/RA/Heisenberg Android/Dump/data/user/0/com.android.vending/databases/library.db)","(TN, ownership)","(RL, 87)","(account, heisenbergcarro@gmail.com)","(library_id, 3)","(backend, 3)","(doc_id, app.cartomizer)","(doc_type, 1)","(offer_type, 1)","(document_hash, 5658741233787212895)","(subs_valid_until_time, None)","(app_certificate_hash, 7Pw69Y_aCV1vHxfOe_XF1hKmgsI)","(app_refund_pre_delivery_endtime_ms, 0)","(app_refund_post_delivery_window_ms, 0)","(subs_auto_renewing, None)","(subs_initiation_time, None)","(subs_trial_until_time, None)","(inapp_purchase_data, None)","(inapp_signature, None)","(preordered, 0)","(owned_via_license, 0)","(shared_by_me, 0)","(sharer_gaia_id, None)","(shareability, 2)","(purchase_time, 1623993348426)","(subscription_library_state, None)","(licensing_data, None)"
"(PID, com.android.vending)","(DN, library.db)","(DP, /home/kali/Desktop/RA/Heisenberg Android/Dump/data/user/0/com.android.vending/databases/library.db)","(TN, ownership)","(RL, 88)","(account, heisenbergcarro@gmail.com)","(library_id, 3)","(backend, 3)","(doc_id, com.gydala.allcars)","(doc_type, 1)","(offer_type, 1)","(document_hash, -919219231174191791)","(subs_valid_until_time, None)","(app_certificate_hash, OmPaXzKUBcB4nqY2qcE670ne8AA)","(app_refund_pre_delivery_endtime_ms, 0)","(app_refund_post_delivery_window_ms, 0)","(subs_auto_renewing, None)","(subs_initiation_time, None)","(subs_trial_until_time, None)","(inapp_purchase_data, None)","(inapp_signature, None)","(preordered, 0)","(owned_via_license, 0)","(shared_by_me, 0)","(sharer_gaia_id, None)","(shareability, 2)","(purchase_time, 1623993378028)","(subscription_library_state, None)","(licensing_data, None)"
"(PID, com.android.vending)","(DN, library.db)","(DP, /home/kali/Desktop/RA/Heisenberg Android/Dump/data/user/0/com.android.vending/databases/library.db)","(TN, ownership)","(RL, 89)","(account, heisenbergcarro@gmail.com)","(library_id, 3)","(backend, 3)","(doc_id, com.orto.usa)","(doc_type, 1)","(offer_type, 1)","(document_hash, 5491040081605626528)","(subs_valid_until_time, None)","(app_certificate_hash, n71cYjeKL9OCQxkE2IeU_tIMaZM)","(app_refund_pre_delivery_endtime_ms, 0)","(app_refund_post_delivery_window_ms, 0)","(subs_auto_renewing, None)","(subs_initiation_time, None)","(subs_trial_until_time, None)","(inapp_purchase_data, None)","(inapp_signature, None)","(preordered, 0)","(owned_via_license, 0)","(shared_by_me, 0)","(sharer_gaia_id, None)","(shareability, 2)","(purchase_time, 1623993390636)","(subscription_library_state, None)","(licensing_data, None)"
"(PID, com.android.vending)","(DN, library.db)","(DP, /home/kali/Desktop/RA/Heisenberg Android/Dump/data/user/0/com.android.vending/databases/library.db)","(TN, ownership)","(RL, 90)","(account, heisenbergcarro@gmail.com)","(library_id, 3)","(backend, 3)","(doc_id, com.waze)","(doc_type, 1)","(offer_type, 1)","(document_hash, -2968440328002934871)","(subs_valid_until_time, None)","(app_certificate_hash, NbQ4_hvGnZddyHAtwWq2nr9l8m8)","(app_refund_pre_delivery_endtime_ms, 0)","(app_refund_post_delivery_window_ms, 0)","(subs_auto_renewing, None)","(subs_initiation_time, None)","(subs_trial_until_time, None)","(inapp_purchase_data, None)","(inapp_signature, None)","(preordered, 0)","(owned_via_license, 0)","(shared_by_me, 0)","(sharer_gaia_id, None)","(shareability, 2)","(purchase_time, 1625260713121)","(subscription_library_state, None)","(licensing_data, None)"
