Package Name,Original Database Name,Original Path of Database,Table Name,Line ID,_id,path,size,locked_size
"(Package Name, com.snapchat.android)","(Original Database Name, journal.db)","(Original Path of Database, /home/kali/Desktop/RA/Heisenberg Android/Dump/data/data/com.snapchat.android/databases/journal.db)","(Table Name, journal)","(Line ID, 1)","(_id, 1)","(path, /data/user/0/com.snapchat.android/files/file_manager/media)","(size, 0)","(locked_size, 0)"
"(Package Name, com.snapchat.android)","(Original Database Name, journal.db)","(Original Path of Database, /home/kali/Desktop/RA/Heisenberg Android/Dump/data/data/com.snapchat.android/databases/journal.db)","(Table Name, journal)","(Line ID, 2)","(_id, 2)","(path, /data/user/0/com.snapchat.android/files/file_manager/impala)","(size, 253)","(locked_size, 0)"
"(Package Name, com.snapchat.android)","(Original Database Name, journal.db)","(Original Path of Database, /home/kali/Desktop/RA/Heisenberg Android/Dump/data/data/com.snapchat.android/databases/journal.db)","(Table Name, journal)","(Line ID, 3)","(_id, 3)","(path, /data/user/0/com.snapchat.android/files/file_manager/Live_Mirror_Model)","(size, 0)","(locked_size, 0)"
"(Package Name, com.snapchat.android)","(Original Database Name, journal.db)","(Original Path of Database, /home/kali/Desktop/RA/Heisenberg Android/Dump/data/data/com.snapchat.android/databases/journal.db)","(Table Name, journal)","(Line ID, 4)","(_id, 4)","(path, /data/user/0/com.snapchat.android/files/gallery/files)","(size, 0)","(locked_size, 0)"
"(Package Name, com.snapchat.android)","(Original Database Name, journal.db)","(Original Path of Database, /home/kali/Desktop/RA/Heisenberg Android/Dump/data/data/com.snapchat.android/databases/journal.db)","(Table Name, journal)","(Line ID, 5)","(_id, 5)","(path, /data/user/0/com.snapchat.android/files/gallery/thumbnails)","(size, 0)","(locked_size, 0)"
"(Package Name, com.snapchat.android)","(Original Database Name, journal.db)","(Original Path of Database, /home/kali/Desktop/RA/Heisenberg Android/Dump/data/data/com.snapchat.android/databases/journal.db)","(Table Name, journal)","(Line ID, 6)","(_id, 6)","(path, /data/user/0/com.snapchat.android/files/file_manager/discover_story_snap_url_content)","(size, 0)","(locked_size, 0)"
"(Package Name, com.snapchat.android)","(Original Database Name, journal.db)","(Original Path of Database, /home/kali/Desktop/RA/Heisenberg Android/Dump/data/data/com.snapchat.android/databases/journal.db)","(Table Name, journal)","(Line ID, 7)","(_id, 7)","(path, /data/user/0/com.snapchat.android/files/file_manager/lens_remote_assets)","(size, 0)","(locked_size, 0)"
"(Package Name, com.snapchat.android)","(Original Database Name, journal.db)","(Original Path of Database, /home/kali/Desktop/RA/Heisenberg Android/Dump/data/data/com.snapchat.android/databases/journal.db)","(Table Name, journal)","(Line ID, 8)","(_id, 8)","(path, /data/user/0/com.snapchat.android/files/file_manager/media_quality)","(size, 0)","(locked_size, 0)"
"(Package Name, com.snapchat.android)","(Original Database Name, journal.db)","(Original Path of Database, /home/kali/Desktop/RA/Heisenberg Android/Dump/data/data/com.snapchat.android/databases/journal.db)","(Table Name, journal)","(Line ID, 9)","(_id, 9)","(path, /data/user/0/com.snapchat.android/files/file_manager/calibration_data)","(size, 0)","(locked_size, 0)"
"(Package Name, com.snapchat.android)","(Original Database Name, journal.db)","(Original Path of Database, /home/kali/Desktop/RA/Heisenberg Android/Dump/data/data/com.snapchat.android/databases/journal.db)","(Table Name, journal)","(Line ID, 10)","(_id, 10)","(path, /data/user/0/com.snapchat.android/files/file_manager/ad_web_view_resource_content)","(size, 0)","(locked_size, 0)"
"(Package Name, com.snapchat.android)","(Original Database Name, journal.db)","(Original Path of Database, /home/kali/Desktop/RA/Heisenberg Android/Dump/data/data/com.snapchat.android/databases/journal.db)","(Table Name, journal)","(Line ID, 11)","(_id, 11)","(path, /data/user/0/com.snapchat.android/files/file_manager/bitmoji)","(size, 0)","(locked_size, 0)"
"(Package Name, com.snapchat.android)","(Original Database Name, journal.db)","(Original Path of Database, /home/kali/Desktop/RA/Heisenberg Android/Dump/data/data/com.snapchat.android/databases/journal.db)","(Table Name, journal)","(Line ID, 12)","(_id, 12)","(path, /data/user/0/com.snapchat.android/files/file_manager/ckweb-sticker)","(size, 0)","(locked_size, 0)"
"(Package Name, com.snapchat.android)","(Original Database Name, journal.db)","(Original Path of Database, /home/kali/Desktop/RA/Heisenberg Android/Dump/data/data/com.snapchat.android/databases/journal.db)","(Table Name, journal)","(Line ID, 13)","(_id, 13)","(path, /data/user/0/com.snapchat.android/files/file_manager/media_package_thumb)","(size, 0)","(locked_size, 0)"
"(Package Name, com.snapchat.android)","(Original Database Name, journal.db)","(Original Path of Database, /home/kali/Desktop/RA/Heisenberg Android/Dump/data/data/com.snapchat.android/databases/journal.db)","(Table Name, journal)","(Line ID, 14)","(_id, 14)","(path, /data/user/0/com.snapchat.android/files/file_manager/snap_first_frame)","(size, 41430)","(locked_size, 0)"
"(Package Name, com.snapchat.android)","(Original Database Name, journal.db)","(Original Path of Database, /home/kali/Desktop/RA/Heisenberg Android/Dump/data/data/com.snapchat.android/databases/journal.db)","(Table Name, journal)","(Line ID, 15)","(_id, 15)","(path, /data/user/0/com.snapchat.android/files/file_manager/stickers_metadata)","(size, 0)","(locked_size, 0)"
"(Package Name, com.snapchat.android)","(Original Database Name, journal.db)","(Original Path of Database, /home/kali/Desktop/RA/Heisenberg Android/Dump/data/data/com.snapchat.android/databases/journal.db)","(Table Name, journal)","(Line ID, 16)","(_id, 16)","(path, /data/user/0/com.snapchat.android/files/file_manager/memories_edits)","(size, 0)","(locked_size, 0)"
"(Package Name, com.snapchat.android)","(Original Database Name, journal.db)","(Original Path of Database, /home/kali/Desktop/RA/Heisenberg Android/Dump/data/data/com.snapchat.android/databases/journal.db)","(Table Name, journal)","(Line ID, 17)","(_id, 17)","(path, /data/user/0/com.snapchat.android/files/file_manager/glideUrl)","(size, 0)","(locked_size, 0)"
"(Package Name, com.snapchat.android)","(Original Database Name, journal.db)","(Original Path of Database, /home/kali/Desktop/RA/Heisenberg Android/Dump/data/data/com.snapchat.android/databases/journal.db)","(Table Name, journal)","(Line ID, 18)","(_id, 18)","(path, /data/user/0/com.snapchat.android/files/file_manager/context_filter_metadata)","(size, 0)","(locked_size, 0)"
"(Package Name, com.snapchat.android)","(Original Database Name, journal.db)","(Original Path of Database, /home/kali/Desktop/RA/Heisenberg Android/Dump/data/data/com.snapchat.android/databases/journal.db)","(Table Name, journal)","(Line ID, 19)","(_id, 19)","(path, /data/user/0/com.snapchat.android/files/file_manager/static-map)","(size, 0)","(locked_size, 0)"
"(Package Name, com.snapchat.android)","(Original Database Name, journal.db)","(Original Path of Database, /home/kali/Desktop/RA/Heisenberg Android/Dump/data/data/com.snapchat.android/databases/journal.db)","(Table Name, journal)","(Line ID, 20)","(_id, 20)","(path, /data/user/0/com.snapchat.android/files/file_manager/PerceptionMl)","(size, 0)","(locked_size, 0)"
"(Package Name, com.snapchat.android)","(Original Database Name, journal.db)","(Original Path of Database, /home/kali/Desktop/RA/Heisenberg Android/Dump/data/data/com.snapchat.android/databases/journal.db)","(Table Name, journal)","(Line ID, 21)","(_id, 21)","(path, /data/user/0/com.snapchat.android/files/file_manager/Maps_WorldEffects)","(size, 0)","(locked_size, 0)"
"(Package Name, com.snapchat.android)","(Original Database Name, journal.db)","(Original Path of Database, /home/kali/Desktop/RA/Heisenberg Android/Dump/data/data/com.snapchat.android/databases/journal.db)","(Table Name, journal)","(Line ID, 22)","(_id, 22)","(path, /data/user/0/com.snapchat.android/files/file_manager/TwoFA)","(size, 0)","(locked_size, 0)"
"(Package Name, com.snapchat.android)","(Original Database Name, journal.db)","(Original Path of Database, /home/kali/Desktop/RA/Heisenberg Android/Dump/data/data/com.snapchat.android/databases/journal.db)","(Table Name, journal)","(Line ID, 23)","(_id, 23)","(path, /data/user/0/com.snapchat.android/files/file_manager/sc_map)","(size, 84402)","(locked_size, 0)"
"(Package Name, com.snapchat.android)","(Original Database Name, journal.db)","(Original Path of Database, /home/kali/Desktop/RA/Heisenberg Android/Dump/data/data/com.snapchat.android/databases/journal.db)","(Table Name, journal)","(Line ID, 24)","(_id, 24)","(path, /data/user/0/com.snapchat.android/files/file_manager/bitmoji_lens_glb_asset)","(size, 0)","(locked_size, 0)"
"(Package Name, com.snapchat.android)","(Original Database Name, journal.db)","(Original Path of Database, /home/kali/Desktop/RA/Heisenberg Android/Dump/data/data/com.snapchat.android/databases/journal.db)","(Table Name, journal)","(Line ID, 25)","(_id, 25)","(path, /data/user/0/com.snapchat.android/files/file_manager/media_package_composite)","(size, 0)","(locked_size, 0)"
"(Package Name, com.snapchat.android)","(Original Database Name, journal.db)","(Original Path of Database, /home/kali/Desktop/RA/Heisenberg Android/Dump/data/data/com.snapchat.android/databases/journal.db)","(Table Name, journal)","(Line ID, 26)","(_id, 26)","(path, /data/user/0/com.snapchat.android/files/file_manager/Bitmoji_Preview)","(size, 0)","(locked_size, 0)"
"(Package Name, com.snapchat.android)","(Original Database Name, journal.db)","(Original Path of Database, /home/kali/Desktop/RA/Heisenberg Android/Dump/data/data/com.snapchat.android/databases/journal.db)","(Table Name, journal)","(Line ID, 27)","(_id, 27)","(path, /data/user/0/com.snapchat.android/files/file_manager/ad_snap)","(size, 0)","(locked_size, 0)"
"(Package Name, com.snapchat.android)","(Original Database Name, journal.db)","(Original Path of Database, /home/kali/Desktop/RA/Heisenberg Android/Dump/data/data/com.snapchat.android/databases/journal.db)","(Table Name, journal)","(Line ID, 28)","(_id, 28)","(path, /data/user/0/com.snapchat.android/files/file_manager/chat_media_thumbnail)","(size, 0)","(locked_size, 0)"
"(Package Name, com.snapchat.android)","(Original Database Name, journal.db)","(Original Path of Database, /home/kali/Desktop/RA/Heisenberg Android/Dump/data/data/com.snapchat.android/databases/journal.db)","(Table Name, journal)","(Line ID, 29)","(_id, 29)","(path, /data/user/0/com.snapchat.android/files/file_manager/music_track_file)","(size, 0)","(locked_size, 0)"
"(Package Name, com.snapchat.android)","(Original Database Name, journal.db)","(Original Path of Database, /home/kali/Desktop/RA/Heisenberg Android/Dump/data/data/com.snapchat.android/databases/journal.db)","(Table Name, journal)","(Line ID, 30)","(_id, 30)","(path, /data/user/0/com.snapchat.android/files/file_manager/non_user_bitmoji)","(size, 176942)","(locked_size, 0)"
"(Package Name, com.snapchat.android)","(Original Database Name, journal.db)","(Original Path of Database, /home/kali/Desktop/RA/Heisenberg Android/Dump/data/data/com.snapchat.android/databases/journal.db)","(Table Name, journal)","(Line ID, 31)","(_id, 31)","(path, /data/user/0/com.snapchat.android/files/file_manager/discover_publisher_snap_sub)","(size, 0)","(locked_size, 0)"
"(Package Name, com.snapchat.android)","(Original Database Name, journal.db)","(Original Path of Database, /home/kali/Desktop/RA/Heisenberg Android/Dump/data/data/com.snapchat.android/databases/journal.db)","(Table Name, journal)","(Line ID, 32)","(_id, 32)","(path, /data/user/0/com.snapchat.android/files/file_manager/publisher_snap_media)","(size, 0)","(locked_size, 0)"
"(Package Name, com.snapchat.android)","(Original Database Name, journal.db)","(Original Path of Database, /home/kali/Desktop/RA/Heisenberg Android/Dump/data/data/com.snapchat.android/databases/journal.db)","(Table Name, journal)","(Line ID, 33)","(_id, 33)","(path, /data/user/0/com.snapchat.android/files/file_manager/memories_media)","(size, 0)","(locked_size, 0)"
"(Package Name, com.snapchat.android)","(Original Database Name, journal.db)","(Original Path of Database, /home/kali/Desktop/RA/Heisenberg Android/Dump/data/data/com.snapchat.android/databases/journal.db)","(Table Name, journal)","(Line ID, 34)","(_id, 34)","(path, /data/user/0/com.snapchat.android/files/file_manager/external_sticker)","(size, 0)","(locked_size, 0)"
"(Package Name, com.snapchat.android)","(Original Database Name, journal.db)","(Original Path of Database, /home/kali/Desktop/RA/Heisenberg Android/Dump/data/data/com.snapchat.android/databases/journal.db)","(Table Name, journal)","(Line ID, 35)","(_id, 35)","(path, /data/user/0/com.snapchat.android/files/file_manager/payments)","(size, 0)","(locked_size, 0)"
"(Package Name, com.snapchat.android)","(Original Database Name, journal.db)","(Original Path of Database, /home/kali/Desktop/RA/Heisenberg Android/Dump/data/data/com.snapchat.android/databases/journal.db)","(Table Name, journal)","(Line ID, 36)","(_id, 36)","(path, /data/user/0/com.snapchat.android/files/file_manager/BLOOPS_STICKER)","(size, 0)","(locked_size, 0)"
"(Package Name, com.snapchat.android)","(Original Database Name, journal.db)","(Original Path of Database, /home/kali/Desktop/RA/Heisenberg Android/Dump/data/data/com.snapchat.android/databases/journal.db)","(Table Name, journal)","(Line ID, 37)","(_id, 37)","(path, /data/user/0/com.snapchat.android/files/file_manager/map-place-icons)","(size, 0)","(locked_size, 0)"
"(Package Name, com.snapchat.android)","(Original Database Name, journal.db)","(Original Path of Database, /home/kali/Desktop/RA/Heisenberg Android/Dump/data/data/com.snapchat.android/databases/journal.db)","(Table Name, journal)","(Line ID, 38)","(_id, 38)","(path, /data/user/0/com.snapchat.android/files/file_manager/topic_page_snap)","(size, 0)","(locked_size, 0)"
"(Package Name, com.snapchat.android)","(Original Database Name, journal.db)","(Original Path of Database, /home/kali/Desktop/RA/Heisenberg Android/Dump/data/data/com.snapchat.android/databases/journal.db)","(Table Name, journal)","(Line ID, 39)","(_id, 39)","(path, /data/user/0/com.snapchat.android/files/file_manager/memories_thumbnail)","(size, 0)","(locked_size, 0)"
"(Package Name, com.snapchat.android)","(Original Database Name, journal.db)","(Original Path of Database, /home/kali/Desktop/RA/Heisenberg Android/Dump/data/data/com.snapchat.android/databases/journal.db)","(Table Name, journal)","(Line ID, 40)","(_id, 40)","(path, /data/user/0/com.snapchat.android/files/file_manager/discover_story_streaming_snap)","(size, 213230)","(locked_size, 0)"
"(Package Name, com.snapchat.android)","(Original Database Name, journal.db)","(Original Path of Database, /home/kali/Desktop/RA/Heisenberg Android/Dump/data/data/com.snapchat.android/databases/journal.db)","(Table Name, journal)","(Line ID, 41)","(_id, 41)","(path, /data/user/0/com.snapchat.android/files/file_manager/explorer_onboarding)","(size, 0)","(locked_size, 0)"
"(Package Name, com.snapchat.android)","(Original Database Name, journal.db)","(Original Path of Database, /home/kali/Desktop/RA/Heisenberg Android/Dump/data/data/com.snapchat.android/databases/journal.db)","(Table Name, journal)","(Line ID, 42)","(_id, 42)","(path, /data/user/0/com.snapchat.android/files/file_manager/user_generated_assets_cache)","(size, 0)","(locked_size, 0)"
"(Package Name, com.snapchat.android)","(Original Database Name, journal.db)","(Original Path of Database, /home/kali/Desktop/RA/Heisenberg Android/Dump/data/data/com.snapchat.android/databases/journal.db)","(Table Name, journal)","(Line ID, 43)","(_id, 43)","(path, /data/user/0/com.snapchat.android/files/file_manager/discover_publisher_shows_story_large)","(size, 0)","(locked_size, 0)"
"(Package Name, com.snapchat.android)","(Original Database Name, journal.db)","(Original Path of Database, /home/kali/Desktop/RA/Heisenberg Android/Dump/data/data/com.snapchat.android/databases/journal.db)","(Table Name, journal)","(Line ID, 44)","(_id, 44)","(path, /data/user/0/com.snapchat.android/files/file_manager/lens_suggestions_data)","(size, 54045)","(locked_size, 0)"
"(Package Name, com.snapchat.android)","(Original Database Name, journal.db)","(Original Path of Database, /home/kali/Desktop/RA/Heisenberg Android/Dump/data/data/com.snapchat.android/databases/journal.db)","(Table Name, journal)","(Line ID, 45)","(_id, 45)","(path, /data/user/0/com.snapchat.android/files/file_manager/lens_icon)","(size, 819396)","(locked_size, 0)"
"(Package Name, com.snapchat.android)","(Original Database Name, journal.db)","(Original Path of Database, /home/kali/Desktop/RA/Heisenberg Android/Dump/data/data/com.snapchat.android/databases/journal.db)","(Table Name, journal)","(Line ID, 46)","(_id, 46)","(path, /data/user/0/com.snapchat.android/files/file_manager/custom_stickers)","(size, 0)","(locked_size, 0)"
"(Package Name, com.snapchat.android)","(Original Database Name, journal.db)","(Original Path of Database, /home/kali/Desktop/RA/Heisenberg Android/Dump/data/data/com.snapchat.android/databases/journal.db)","(Table Name, journal)","(Line ID, 47)","(_id, 47)","(path, /data/user/0/com.snapchat.android/files/file_manager/memories_raw_asset)","(size, 0)","(locked_size, 0)"
"(Package Name, com.snapchat.android)","(Original Database Name, journal.db)","(Original Path of Database, /home/kali/Desktop/RA/Heisenberg Android/Dump/data/data/com.snapchat.android/databases/journal.db)","(Table Name, journal)","(Line ID, 48)","(_id, 48)","(path, /data/user/0/com.snapchat.android/files/file_manager/info_sticker)","(size, 0)","(locked_size, 0)"
"(Package Name, com.snapchat.android)","(Original Database Name, journal.db)","(Original Path of Database, /home/kali/Desktop/RA/Heisenberg Android/Dump/data/data/com.snapchat.android/databases/journal.db)","(Table Name, journal)","(Line ID, 49)","(_id, 49)","(path, /data/user/0/com.snapchat.android/files/file_manager/memories_mini_thumbnail)","(size, 0)","(locked_size, 0)"
"(Package Name, com.snapchat.android)","(Original Database Name, journal.db)","(Original Path of Database, /home/kali/Desktop/RA/Heisenberg Android/Dump/data/data/com.snapchat.android/databases/journal.db)","(Table Name, journal)","(Line ID, 50)","(_id, 50)","(path, /data/user/0/com.snapchat.android/files/file_manager/friend_stories_notification_icon)","(size, 0)","(locked_size, 0)"
"(Package Name, com.snapchat.android)","(Original Database Name, journal.db)","(Original Path of Database, /home/kali/Desktop/RA/Heisenberg Android/Dump/data/data/com.snapchat.android/databases/journal.db)","(Table Name, journal)","(Line ID, 51)","(_id, 51)","(path, /data/user/0/com.snapchat.android/files/file_manager/map)","(size, 847758)","(locked_size, 0)"
"(Package Name, com.snapchat.android)","(Original Database Name, journal.db)","(Original Path of Database, /home/kali/Desktop/RA/Heisenberg Android/Dump/data/data/com.snapchat.android/databases/journal.db)","(Table Name, journal)","(Line ID, 52)","(_id, 52)","(path, /data/user/0/com.snapchat.android/files/file_manager/ad_remote_asset)","(size, 0)","(locked_size, 0)"
"(Package Name, com.snapchat.android)","(Original Database Name, journal.db)","(Original Path of Database, /home/kali/Desktop/RA/Heisenberg Android/Dump/data/data/com.snapchat.android/databases/journal.db)","(Table Name, journal)","(Line ID, 53)","(_id, 53)","(path, /data/user/0/com.snapchat.android/files/file_manager/bloops_fullscreen)","(size, 0)","(locked_size, 0)"
"(Package Name, com.snapchat.android)","(Original Database Name, journal.db)","(Original Path of Database, /home/kali/Desktop/RA/Heisenberg Android/Dump/data/data/com.snapchat.android/databases/journal.db)","(Table Name, journal)","(Line ID, 54)","(_id, 54)","(path, /data/user/0/com.snapchat.android/files/file_manager/Portrait_Mode)","(size, 0)","(locked_size, 0)"
"(Package Name, com.snapchat.android)","(Original Database Name, journal.db)","(Original Path of Database, /home/kali/Desktop/RA/Heisenberg Android/Dump/data/data/com.snapchat.android/databases/journal.db)","(Table Name, journal)","(Line ID, 55)","(_id, 55)","(path, /data/user/0/com.snapchat.android/files/file_manager/static-map-for-memories)","(size, 0)","(locked_size, 0)"
"(Package Name, com.snapchat.android)","(Original Database Name, journal.db)","(Original Path of Database, /home/kali/Desktop/RA/Heisenberg Android/Dump/data/data/com.snapchat.android/databases/journal.db)","(Table Name, journal)","(Line ID, 56)","(_id, 56)","(path, /data/user/0/com.snapchat.android/files/file_manager/explorer_lens_preview)","(size, 0)","(locked_size, 0)"
"(Package Name, com.snapchat.android)","(Original Database Name, journal.db)","(Original Path of Database, /home/kali/Desktop/RA/Heisenberg Android/Dump/data/data/com.snapchat.android/databases/journal.db)","(Table Name, journal)","(Line ID, 57)","(_id, 57)","(path, /data/user/0/com.snapchat.android/files/file_manager/lens_remote_assets_archive)","(size, 837369)","(locked_size, 0)"
"(Package Name, com.snapchat.android)","(Original Database Name, journal.db)","(Original Path of Database, /home/kali/Desktop/RA/Heisenberg Android/Dump/data/data/com.snapchat.android/databases/journal.db)","(Table Name, journal)","(Line ID, 58)","(_id, 58)","(path, /data/user/0/com.snapchat.android/files/file_manager/khand_medium)","(size, 445031)","(locked_size, 0)"
"(Package Name, com.snapchat.android)","(Original Database Name, journal.db)","(Original Path of Database, /home/kali/Desktop/RA/Heisenberg Android/Dump/data/data/com.snapchat.android/databases/journal.db)","(Table Name, journal)","(Line ID, 59)","(_id, 59)","(path, /data/user/0/com.snapchat.android/files/file_manager/caption_metadata)","(size, 0)","(locked_size, 0)"
"(Package Name, com.snapchat.android)","(Original Database Name, journal.db)","(Original Path of Database, /home/kali/Desktop/RA/Heisenberg Android/Dump/data/data/com.snapchat.android/databases/journal.db)","(Table Name, journal)","(Line ID, 60)","(_id, 60)","(path, /data/user/0/com.snapchat.android/files/file_manager/discover_disk_cache)","(size, 0)","(locked_size, 0)"
"(Package Name, com.snapchat.android)","(Original Database Name, journal.db)","(Original Path of Database, /home/kali/Desktop/RA/Heisenberg Android/Dump/data/data/com.snapchat.android/databases/journal.db)","(Table Name, journal)","(Line ID, 61)","(_id, 61)","(path, /data/user/0/com.snapchat.android/files/file_manager/snap_sticker)","(size, 0)","(locked_size, 0)"
"(Package Name, com.snapchat.android)","(Original Database Name, journal.db)","(Original Path of Database, /home/kali/Desktop/RA/Heisenberg Android/Dump/data/data/com.snapchat.android/databases/journal.db)","(Table Name, journal)","(Line ID, 62)","(_id, 62)","(path, /data/user/0/com.snapchat.android/files/file_manager/caption_typeface)","(size, 0)","(locked_size, 0)"
"(Package Name, com.snapchat.android)","(Original Database Name, journal.db)","(Original Path of Database, /home/kali/Desktop/RA/Heisenberg Android/Dump/data/data/com.snapchat.android/databases/journal.db)","(Table Name, journal)","(Line ID, 63)","(_id, 63)","(path, /data/user/0/com.snapchat.android/files/file_manager/sky_model)","(size, 0)","(locked_size, 0)"
"(Package Name, com.snapchat.android)","(Original Database Name, journal.db)","(Original Path of Database, /home/kali/Desktop/RA/Heisenberg Android/Dump/data/data/com.snapchat.android/databases/journal.db)","(Table Name, journal)","(Line ID, 64)","(_id, 64)","(path, /data/user/0/com.snapchat.android/files/file_manager/helvetica)","(size, 0)","(locked_size, 0)"
"(Package Name, com.snapchat.android)","(Original Database Name, journal.db)","(Original Path of Database, /home/kali/Desktop/RA/Heisenberg Android/Dump/data/data/com.snapchat.android/databases/journal.db)","(Table Name, journal)","(Line ID, 65)","(_id, 65)","(path, /data/user/0/com.snapchat.android/files/file_manager/spectacles)","(size, 0)","(locked_size, 0)"
"(Package Name, com.snapchat.android)","(Original Database Name, journal.db)","(Original Path of Database, /home/kali/Desktop/RA/Heisenberg Android/Dump/data/data/com.snapchat.android/databases/journal.db)","(Table Name, journal)","(Line ID, 66)","(_id, 66)","(path, /data/user/0/com.snapchat.android/files/file_manager/bitmoji_avatar)","(size, 507312)","(locked_size, 0)"
"(Package Name, com.snapchat.android)","(Original Database Name, journal.db)","(Original Path of Database, /home/kali/Desktop/RA/Heisenberg Android/Dump/data/data/com.snapchat.android/databases/journal.db)","(Table Name, journal)","(Line ID, 67)","(_id, 67)","(path, /data/user/0/com.snapchat.android/files/file_manager/story_thumb)","(size, 0)","(locked_size, 0)"
"(Package Name, com.snapchat.android)","(Original Database Name, journal.db)","(Original Path of Database, /home/kali/Desktop/RA/Heisenberg Android/Dump/data/data/com.snapchat.android/databases/journal.db)","(Table Name, journal)","(Line ID, 68)","(_id, 68)","(path, /data/user/0/com.snapchat.android/files/file_manager/camera_roll_library_temp_file_content)","(size, 0)","(locked_size, 0)"
"(Package Name, com.snapchat.android)","(Original Database Name, journal.db)","(Original Path of Database, /home/kali/Desktop/RA/Heisenberg Android/Dump/data/data/com.snapchat.android/databases/journal.db)","(Table Name, journal)","(Line ID, 69)","(_id, 69)","(path, /data/user/0/com.snapchat.android/files/file_manager/posted_story_snap)","(size, 0)","(locked_size, 0)"
"(Package Name, com.snapchat.android)","(Original Database Name, journal.db)","(Original Path of Database, /home/kali/Desktop/RA/Heisenberg Android/Dump/data/data/com.snapchat.android/databases/journal.db)","(Table Name, journal)","(Line ID, 70)","(_id, 70)","(path, /data/user/0/com.snapchat.android/files/file_manager/memories_overlay)","(size, 0)","(locked_size, 0)"
"(Package Name, com.snapchat.android)","(Original Database Name, journal.db)","(Original Path of Database, /home/kali/Desktop/RA/Heisenberg Android/Dump/data/data/com.snapchat.android/databases/journal.db)","(Table Name, journal)","(Line ID, 71)","(_id, 71)","(path, /data/user/0/com.snapchat.android/files/file_manager/opera)","(size, 0)","(locked_size, 0)"
"(Package Name, com.snapchat.android)","(Original Database Name, journal.db)","(Original Path of Database, /home/kali/Desktop/RA/Heisenberg Android/Dump/data/data/com.snapchat.android/databases/journal.db)","(Table Name, journal)","(Line ID, 72)","(_id, 72)","(path, /data/user/0/com.snapchat.android/files/file_manager/platform_tag)","(size, 0)","(locked_size, 0)"
"(Package Name, com.snapchat.android)","(Original Database Name, journal.db)","(Original Path of Database, /home/kali/Desktop/RA/Heisenberg Android/Dump/data/data/com.snapchat.android/databases/journal.db)","(Table Name, journal)","(Line ID, 73)","(_id, 73)","(path, /data/user/0/com.snapchat.android/files/file_manager/lens_content)","(size, 0)","(locked_size, 0)"
"(Package Name, com.snapchat.android)","(Original Database Name, journal.db)","(Original Path of Database, /home/kali/Desktop/RA/Heisenberg Android/Dump/data/data/com.snapchat.android/databases/journal.db)","(Table Name, journal)","(Line ID, 74)","(_id, 74)","(path, /data/user/0/com.snapchat.android/files/file_manager/lens_content_archive)","(size, 0)","(locked_size, 0)"
"(Package Name, com.snapchat.android)","(Original Database Name, journal.db)","(Original Path of Database, /home/kali/Desktop/RA/Heisenberg Android/Dump/data/data/com.snapchat.android/databases/journal.db)","(Table Name, journal)","(Line ID, 75)","(_id, 75)","(path, /data/user/0/com.snapchat.android/files/file_manager/cognac)","(size, 3071)","(locked_size, 0)"
"(Package Name, com.snapchat.android)","(Original Database Name, journal.db)","(Original Path of Database, /home/kali/Desktop/RA/Heisenberg Android/Dump/data/data/com.snapchat.android/databases/journal.db)","(Table Name, journal)","(Line ID, 76)","(_id, 76)","(path, /data/user/0/com.snapchat.android/files/file_manager/venue-common)","(size, 0)","(locked_size, 0)"
"(Package Name, com.snapchat.android)","(Original Database Name, journal.db)","(Original Path of Database, /home/kali/Desktop/RA/Heisenberg Android/Dump/data/data/com.snapchat.android/databases/journal.db)","(Table Name, journal)","(Line ID, 77)","(_id, 77)","(path, /data/user/0/com.snapchat.android/files/file_manager/cognac-share-image)","(size, 0)","(locked_size, 0)"
"(Package Name, com.snapchat.android)","(Original Database Name, journal.db)","(Original Path of Database, /home/kali/Desktop/RA/Heisenberg Android/Dump/data/data/com.snapchat.android/databases/journal.db)","(Table Name, journal)","(Line ID, 78)","(_id, 78)","(path, /data/user/0/com.snapchat.android/files/file_manager/emoji_brush)","(size, 0)","(locked_size, 0)"
"(Package Name, com.snapchat.android)","(Original Database Name, journal.db)","(Original Path of Database, /home/kali/Desktop/RA/Heisenberg Android/Dump/data/data/com.snapchat.android/databases/journal.db)","(Table Name, journal)","(Line ID, 79)","(_id, 79)","(path, /data/user/0/com.snapchat.android/files/file_manager/memories_asset)","(size, 0)","(locked_size, 0)"
"(Package Name, com.snapchat.android)","(Original Database Name, journal.db)","(Original Path of Database, /home/kali/Desktop/RA/Heisenberg Android/Dump/data/data/com.snapchat.android/databases/journal.db)","(Table Name, journal)","(Line ID, 80)","(_id, 80)","(path, /data/user/0/com.snapchat.android/files/file_manager/memories_print_thumbnail)","(size, 0)","(locked_size, 0)"
"(Package Name, com.snapchat.android)","(Original Database Name, journal.db)","(Original Path of Database, /home/kali/Desktop/RA/Heisenberg Android/Dump/data/data/com.snapchat.android/databases/journal.db)","(Table Name, journal)","(Line ID, 81)","(_id, 81)","(path, /data/user/0/com.snapchat.android/files/file_manager/spectacles-files)","(size, 0)","(locked_size, 0)"
"(Package Name, com.snapchat.android)","(Original Database Name, journal.db)","(Original Path of Database, /home/kali/Desktop/RA/Heisenberg Android/Dump/data/data/com.snapchat.android/databases/journal.db)","(Table Name, journal)","(Line ID, 82)","(_id, 82)","(path, /data/user/0/com.snapchat.android/files/file_manager/Shazam)","(size, 0)","(locked_size, 0)"
"(Package Name, com.snapchat.android)","(Original Database Name, journal.db)","(Original Path of Database, /home/kali/Desktop/RA/Heisenberg Android/Dump/data/data/com.snapchat.android/databases/journal.db)","(Table Name, journal)","(Line ID, 83)","(_id, 83)","(path, /data/user/0/com.snapchat.android/files/file_manager/attachment_info)","(size, 0)","(locked_size, 0)"
"(Package Name, com.snapchat.android)","(Original Database Name, journal.db)","(Original Path of Database, /home/kali/Desktop/RA/Heisenberg Android/Dump/data/data/com.snapchat.android/databases/journal.db)","(Table Name, journal)","(Line ID, 84)","(_id, 84)","(path, /data/user/0/com.snapchat.android/files/file_manager/legal)","(size, 0)","(locked_size, 0)"
"(Package Name, com.snapchat.android)","(Original Database Name, journal.db)","(Original Path of Database, /home/kali/Desktop/RA/Heisenberg Android/Dump/data/data/com.snapchat.android/databases/journal.db)","(Table Name, journal)","(Line ID, 85)","(_id, 85)","(path, /data/user/0/com.snapchat.android/files/file_manager/discover_publisher_snap_ff)","(size, 0)","(locked_size, 0)"
"(Package Name, com.snapchat.android)","(Original Database Name, journal.db)","(Original Path of Database, /home/kali/Desktop/RA/Heisenberg Android/Dump/data/data/com.snapchat.android/databases/journal.db)","(Table Name, journal)","(Line ID, 86)","(_id, 86)","(path, /data/user/0/com.snapchat.android/files/file_manager/cognac-sticker)","(size, 0)","(locked_size, 0)"
"(Package Name, com.snapchat.android)","(Original Database Name, journal.db)","(Original Path of Database, /home/kali/Desktop/RA/Heisenberg Android/Dump/data/data/com.snapchat.android/databases/journal.db)","(Table Name, journal)","(Line ID, 87)","(_id, 87)","(path, /data/user/0/com.snapchat.android/files/file_manager/external_geofilter)","(size, 0)","(locked_size, 0)"
"(Package Name, com.snapchat.android)","(Original Database Name, journal.db)","(Original Path of Database, /home/kali/Desktop/RA/Heisenberg Android/Dump/data/data/com.snapchat.android/databases/journal.db)","(Table Name, journal)","(Line ID, 88)","(_id, 88)","(path, /data/user/0/com.snapchat.android/files/file_manager/Maps_Kashmir)","(size, 0)","(locked_size, 0)"
"(Package Name, com.snapchat.android)","(Original Database Name, journal.db)","(Original Path of Database, /home/kali/Desktop/RA/Heisenberg Android/Dump/data/data/com.snapchat.android/databases/journal.db)","(Table Name, journal)","(Line ID, 89)","(_id, 89)","(path, /data/user/0/com.snapchat.android/files/file_manager/community_small_media)","(size, 0)","(locked_size, 0)"
"(Package Name, com.snapchat.android)","(Original Database Name, journal.db)","(Original Path of Database, /home/kali/Desktop/RA/Heisenberg Android/Dump/data/data/com.snapchat.android/databases/journal.db)","(Table Name, journal)","(Line ID, 90)","(_id, 90)","(path, /data/user/0/com.snapchat.android/files/file_manager/sticker_tag)","(size, 0)","(locked_size, 0)"
"(Package Name, com.snapchat.android)","(Original Database Name, journal.db)","(Original Path of Database, /home/kali/Desktop/RA/Heisenberg Android/Dump/data/data/com.snapchat.android/databases/journal.db)","(Table Name, journal)","(Line ID, 91)","(_id, 91)","(path, /data/user/0/com.snapchat.android/files/file_manager/tracking_data)","(size, 0)","(locked_size, 0)"
"(Package Name, com.snapchat.android)","(Original Database Name, journal.db)","(Original Path of Database, /home/kali/Desktop/RA/Heisenberg Android/Dump/data/data/com.snapchat.android/databases/journal.db)","(Table Name, journal)","(Line ID, 92)","(_id, 92)","(path, /data/user/0/com.snapchat.android/files/file_manager/community_large_media)","(size, 0)","(locked_size, 0)"
"(Package Name, com.snapchat.android)","(Original Database Name, journal.db)","(Original Path of Database, /home/kali/Desktop/RA/Heisenberg Android/Dump/data/data/com.snapchat.android/databases/journal.db)","(Table Name, journal)","(Line ID, 93)","(_id, 93)","(path, /data/user/0/com.snapchat.android/files/file_manager/user_generated_assets)","(size, 0)","(locked_size, 0)"
"(Package Name, com.snapchat.android)","(Original Database Name, journal.db)","(Original Path of Database, /home/kali/Desktop/RA/Heisenberg Android/Dump/data/data/com.snapchat.android/databases/journal.db)","(Table Name, journal)","(Line ID, 94)","(_id, 94)","(path, /data/user/0/com.snapchat.android/files/file_manager/Maps_EggHunt)","(size, 0)","(locked_size, 0)"
"(Package Name, com.snapchat.android)","(Original Database Name, journal.db)","(Original Path of Database, /home/kali/Desktop/RA/Heisenberg Android/Dump/data/data/com.snapchat.android/databases/journal.db)","(Table Name, journal)","(Line ID, 95)","(_id, 95)","(path, /data/user/0/com.snapchat.android/files/file_manager/discover_feed_thumbnail)","(size, 0)","(locked_size, 0)"
"(Package Name, com.snapchat.android)","(Original Database Name, journal.db)","(Original Path of Database, /home/kali/Desktop/RA/Heisenberg Android/Dump/data/data/com.snapchat.android/databases/journal.db)","(Table Name, journal)","(Line ID, 96)","(_id, 96)","(path, /data/user/0/com.snapchat.android/files/file_manager/geofilter_overlay)","(size, 0)","(locked_size, 0)"
"(Package Name, com.snapchat.android)","(Original Database Name, journal.db)","(Original Path of Database, /home/kali/Desktop/RA/Heisenberg Android/Dump/data/data/com.snapchat.android/databases/journal.db)","(Table Name, journal)","(Line ID, 97)","(_id, 97)","(path, /data/user/0/com.snapchat.android/files/file_manager/Login_Kit_Privacy)","(size, 0)","(locked_size, 0)"
"(Package Name, com.snapchat.android)","(Original Database Name, journal.db)","(Original Path of Database, /home/kali/Desktop/RA/Heisenberg Android/Dump/data/data/com.snapchat.android/databases/journal.db)","(Table Name, journal)","(Line ID, 98)","(_id, 98)","(path, /data/user/0/com.snapchat.android/files/file_manager/bloops_friends_content)","(size, 0)","(locked_size, 0)"
"(Package Name, com.snapchat.android)","(Original Database Name, journal.db)","(Original Path of Database, /home/kali/Desktop/RA/Heisenberg Android/Dump/data/data/com.snapchat.android/databases/journal.db)","(Table Name, journal)","(Line ID, 99)","(_id, 99)","(path, /data/user/0/com.snapchat.android/files/file_manager/story_snap)","(size, 0)","(locked_size, 0)"
"(Package Name, com.snapchat.android)","(Original Database Name, journal.db)","(Original Path of Database, /home/kali/Desktop/RA/Heisenberg Android/Dump/data/data/com.snapchat.android/databases/journal.db)","(Table Name, journal)","(Line ID, 100)","(_id, 100)","(path, /data/user/0/com.snapchat.android/files/file_manager/bloops_teaser_video)","(size, 0)","(locked_size, 0)"
"(Package Name, com.snapchat.android)","(Original Database Name, journal.db)","(Original Path of Database, /home/kali/Desktop/RA/Heisenberg Android/Dump/data/data/com.snapchat.android/databases/journal.db)","(Table Name, journal)","(Line ID, 101)","(_id, 101)","(path, /data/user/0/com.snapchat.android/files/file_manager/chat_snap)","(size, 7764779)","(locked_size, 0)"
"(Package Name, com.snapchat.android)","(Original Database Name, journal.db)","(Original Path of Database, /home/kali/Desktop/RA/Heisenberg Android/Dump/data/data/com.snapchat.android/databases/journal.db)","(Table Name, journal)","(Line ID, 102)","(_id, 102)","(path, /data/user/0/com.snapchat.android/files/file_manager/discover_publisher_snap_ol)","(size, 0)","(locked_size, 0)"
"(Package Name, com.snapchat.android)","(Original Database Name, journal.db)","(Original Path of Database, /home/kali/Desktop/RA/Heisenberg Android/Dump/data/data/com.snapchat.android/databases/journal.db)","(Table Name, journal)","(Line ID, 103)","(_id, 103)","(path, /data/user/0/com.snapchat.android/files/file_manager/composer_encrypted_file)","(size, 0)","(locked_size, 0)"
"(Package Name, com.snapchat.android)","(Original Database Name, journal.db)","(Original Path of Database, /home/kali/Desktop/RA/Heisenberg Android/Dump/data/data/com.snapchat.android/databases/journal.db)","(Table Name, journal)","(Line ID, 104)","(_id, 104)","(path, /data/user/0/com.snapchat.android/files/file_manager/memories_fs_asset)","(size, 0)","(locked_size, 0)"
"(Package Name, com.snapchat.android)","(Original Database Name, journal.db)","(Original Path of Database, /home/kali/Desktop/RA/Heisenberg Android/Dump/data/data/com.snapchat.android/databases/journal.db)","(Table Name, journal)","(Line ID, 105)","(_id, 105)","(path, /data/user/0/com.snapchat.android/files/file_manager/commerce)","(size, 0)","(locked_size, 0)"
"(Package Name, com.snapchat.android)","(Original Database Name, journal.db)","(Original Path of Database, /home/kali/Desktop/RA/Heisenberg Android/Dump/data/data/com.snapchat.android/databases/journal.db)","(Table Name, journal)","(Line ID, 106)","(_id, 106)","(path, /data/user/0/com.snapchat.android/files/file_manager/cognac-webview)","(size, 0)","(locked_size, 0)"
"(Package Name, com.snapchat.android)","(Original Database Name, journal.db)","(Original Path of Database, /home/kali/Desktop/RA/Heisenberg Android/Dump/data/data/com.snapchat.android/databases/journal.db)","(Table Name, journal)","(Line ID, 107)","(_id, 107)","(path, /data/user/0/com.snapchat.android/files/file_manager/image_depth_map)","(size, 0)","(locked_size, 0)"
"(Package Name, com.snapchat.android)","(Original Database Name, journal.db)","(Original Path of Database, /home/kali/Desktop/RA/Heisenberg Android/Dump/data/data/com.snapchat.android/databases/journal.db)","(Table Name, journal)","(Line ID, 108)","(_id, 108)","(path, /data/user/0/com.snapchat.android/files/file_manager/discover_story_snap)","(size, 0)","(locked_size, 0)"
"(Package Name, com.snapchat.android)","(Original Database Name, journal.db)","(Original Path of Database, /home/kali/Desktop/RA/Heisenberg Android/Dump/data/data/com.snapchat.android/databases/journal.db)","(Table Name, journal)","(Line ID, 109)","(_id, 109)","(path, /data/user/0/com.snapchat.android/files/file_manager/snap_loading_frame)","(size, 1004)","(locked_size, 0)"
"(Package Name, com.snapchat.android)","(Original Database Name, journal.db)","(Original Path of Database, /home/kali/Desktop/RA/Heisenberg Android/Dump/data/data/com.snapchat.android/databases/journal.db)","(Table Name, journal)","(Line ID, 110)","(_id, 110)","(path, /data/user/0/com.snapchat.android/files/file_manager/discover_publisher_snap)","(size, 0)","(locked_size, 0)"
"(Package Name, com.snapchat.android)","(Original Database Name, journal.db)","(Original Path of Database, /home/kali/Desktop/RA/Heisenberg Android/Dump/data/data/com.snapchat.android/databases/journal.db)","(Table Name, journal)","(Line ID, 111)","(_id, 111)","(path, /data/user/0/com.snapchat.android/files/file_manager/url-preview)","(size, 0)","(locked_size, 0)"
"(Package Name, com.snapchat.android)","(Original Database Name, journal.db)","(Original Path of Database, /home/kali/Desktop/RA/Heisenberg Android/Dump/data/data/com.snapchat.android/databases/journal.db)","(Table Name, journal)","(Line ID, 112)","(_id, 112)","(path, /data/user/0/com.snapchat.android/files/file_manager/caption_view_bitmap)","(size, 0)","(locked_size, 0)"
"(Package Name, com.snapchat.android)","(Original Database Name, journal.db)","(Original Path of Database, /home/kali/Desktop/RA/Heisenberg Android/Dump/data/data/com.snapchat.android/databases/journal.db)","(Table Name, journal)","(Line ID, 113)","(_id, 113)","(path, /data/user/0/com.snapchat.android/files/file_manager/discover_publisher_shows_story)","(size, 0)","(locked_size, 0)"
"(Package Name, com.snapchat.android)","(Original Database Name, journal.db)","(Original Path of Database, /home/kali/Desktop/RA/Heisenberg Android/Dump/data/data/com.snapchat.android/databases/journal.db)","(Table Name, journal)","(Line ID, 114)","(_id, 114)","(path, /data/user/0/com.snapchat.android/files/file_manager/learned_search_v1_en)","(size, 0)","(locked_size, 0)"
"(Package Name, com.snapchat.android)","(Original Database Name, journal.db)","(Original Path of Database, /home/kali/Desktop/RA/Heisenberg Android/Dump/data/data/com.snapchat.android/databases/journal.db)","(Table Name, journal)","(Line ID, 115)","(_id, 115)","(path, /data/user/0/com.snapchat.android/files/file_manager/bloops_scenario)","(size, 0)","(locked_size, 0)"
"(Package Name, com.snapchat.android)","(Original Database Name, journal.db)","(Original Path of Database, /home/kali/Desktop/RA/Heisenberg Android/Dump/data/data/com.snapchat.android/databases/journal.db)","(Table Name, journal)","(Line ID, 116)","(_id, 116)","(path, /data/user/0/com.snapchat.android/files/file_manager/MUSIC_GENERIC_ASSET_TYPE)","(size, 0)","(locked_size, 0)"
"(Package Name, com.snapchat.android)","(Original Database Name, journal.db)","(Original Path of Database, /home/kali/Desktop/RA/Heisenberg Android/Dump/data/data/com.snapchat.android/databases/journal.db)","(Table Name, journal)","(Line ID, 117)","(_id, 117)","(path, /data/user/0/com.snapchat.android/files/file_manager/snap_reply_sticker)","(size, 0)","(locked_size, 0)"
"(Package Name, com.snapchat.android)","(Original Database Name, journal.db)","(Original Path of Database, /home/kali/Desktop/RA/Heisenberg Android/Dump/data/data/com.snapchat.android/databases/journal.db)","(Table Name, journal)","(Line ID, 118)","(_id, 118)","(path, /data/user/0/com.snapchat.android/files/file_manager/snap)","(size, 0)","(locked_size, 0)"
"(Package Name, com.snapchat.android)","(Original Database Name, journal.db)","(Original Path of Database, /home/kali/Desktop/RA/Heisenberg Android/Dump/data/data/com.snapchat.android/databases/journal.db)","(Table Name, journal)","(Line ID, 119)","(_id, 119)","(path, /data/user/0/com.snapchat.android/files/file_manager/depth_maps)","(size, 0)","(locked_size, 0)"
"(Package Name, com.snapchat.android)","(Original Database Name, journal.db)","(Original Path of Database, /home/kali/Desktop/RA/Heisenberg Android/Dump/data/data/com.snapchat.android/databases/journal.db)","(Table Name, journal)","(Line ID, 120)","(_id, 120)","(path, /data/user/0/com.snapchat.android/files/file_manager/ct_platform_item)","(size, 0)","(locked_size, 0)"
"(Package Name, com.snapchat.android)","(Original Database Name, journal.db)","(Original Path of Database, /home/kali/Desktop/RA/Heisenberg Android/Dump/data/data/com.snapchat.android/databases/journal.db)","(Table Name, journal)","(Line ID, 121)","(_id, 121)","(path, /data/user/0/com.snapchat.android/files/file_manager/caption_background)","(size, 0)","(locked_size, 0)"
"(Package Name, com.snapchat.android)","(Original Database Name, journal.db)","(Original Path of Database, /home/kali/Desktop/RA/Heisenberg Android/Dump/data/data/com.snapchat.android/databases/journal.db)","(Table Name, journal)","(Line ID, 122)","(_id, 122)","(path, /data/user/0/com.snapchat.android/files/file_manager/url-preview-response)","(size, 0)","(locked_size, 0)"
"(Package Name, com.snapchat.android)","(Original Database Name, journal.db)","(Original Path of Database, /home/kali/Desktop/RA/Heisenberg Android/Dump/data/data/com.snapchat.android/databases/journal.db)","(Table Name, journal)","(Line ID, 123)","(_id, 123)","(path, /data/user/0/com.snapchat.android/files/file_manager/bitmoji-3d)","(size, 0)","(locked_size, 0)"
"(Package Name, com.snapchat.android)","(Original Database Name, journal.db)","(Original Path of Database, /home/kali/Desktop/RA/Heisenberg Android/Dump/data/data/com.snapchat.android/databases/journal.db)","(Table Name, journal)","(Line ID, 124)","(_id, 124)","(path, /data/user/0/com.snapchat.android/files/file_manager/bitmoji-3d-background)","(size, 0)","(locked_size, 0)"
"(Package Name, com.snapchat.android)","(Original Database Name, journal.db)","(Original Path of Database, /home/kali/Desktop/RA/Heisenberg Android/Dump/data/data/com.snapchat.android/databases/journal.db)","(Table Name, journal)","(Line ID, 125)","(_id, 125)","(path, /data/user/0/com.snapchat.android/files/file_manager/snapshots_media)","(size, 0)","(locked_size, 0)"
"(Package Name, com.snapchat.android)","(Original Database Name, journal.db)","(Original Path of Database, /home/kali/Desktop/RA/Heisenberg Android/Dump/data/data/com.snapchat.android/databases/journal.db)","(Table Name, journal)","(Line ID, 126)","(_id, 126)","(path, /data/user/0/com.snapchat.android/files/file_manager/lens_holiday_icons_data)","(size, 0)","(locked_size, 0)"
"(Package Name, com.snapchat.android)","(Original Database Name, journal.db)","(Original Path of Database, /home/kali/Desktop/RA/Heisenberg Android/Dump/data/data/com.snapchat.android/databases/journal.db)","(Table Name, journal)","(Line ID, 127)","(_id, 127)","(path, /data/user/0/com.snapchat.android/files/file_manager/lens_holiday_icons)","(size, 0)","(locked_size, 0)"
"(Package Name, com.snapchat.android)","(Original Database Name, journal.db)","(Original Path of Database, /home/kali/Desktop/RA/Heisenberg Android/Dump/data/data/com.snapchat.android/databases/journal.db)","(Table Name, journal)","(Line ID, 128)","(_id, 128)","(path, /data/user/0/com.snapchat.android/files/file_manager/remixable_media)","(size, 0)","(locked_size, 0)"
"(Package Name, com.snapchat.android)","(Original Database Name, journal.db)","(Original Path of Database, /home/kali/Desktop/RA/Heisenberg Android/Dump/data/data/com.snapchat.android/databases/journal.db)","(Table Name, journal)","(Line ID, 129)","(_id, 129)","(path, /data/user/0/com.snapchat.android/files/file_manager/ar_shopping)","(size, 0)","(locked_size, 0)"
